repo_id,repo_url,commit_sha,class_key,focal_class,focal_path,mapping_count,nloc,token_count,method_count,public_method_count,max_method_cc,sum_method_cc,avg_method_cc,build_tool,build_root,module_dir,module_selector,scope_key,declared_java_version,effective_java_runtime,selected_type,selection_rank_in_repo,selection_hash,selection_seed,selection_algorithm,complexity_half,replacement_of,replacement_reason,repository_storage_path,promotion_status,complexity_rank,original_manifest_index,split_name,split_source_manifest,split_created_utc,split_algorithm,sample_index,Project,Focal_Class,Test_Class,Focal_Path,Test_Path,Module,Repo_Dir,Compiled_Focal_Path,Synthesized_Test_Rel_Path,Package,Java_Version,Build_Tool,Recipe_Command_Windows,Recipe_Command_Posix,Recipe_ID,repo_exists,focal_exists,recipe_exists,duplicate_class_key,duplicate_focal_path,preflight_status,baseline_build_status
3713233,https://github.com/seratch/junithelper,8c307eb05f762cf8030a3bd6d903228e0d5b98b2,3713233:core/src/main/java/org/junithelper/core/file/filesearcherfactory.java,FileSearcherFactory,core/src/main/java/org/junithelper/core/file/FileSearcherFactory.java,1,8,34,2,1,1,2,1.0,maven,core,core,.,maven:core,6,8,main,4,1324198e4a876cca2c66c7b2c54433ff089c946e63a39c711205ae4abf59627c,42,sha256_repo_balanced_v3_1,lower_complexity_half,,,repos/successful/3713233,promoted_before_storage_audit,9,8,pilot60,class_sampling_manifest_final_seed42.csv,2026-07-23T11:07:03+00:00,per_repo_2class_pilot_complexity_half_then_selection_rank_seed42,0,3713233,FileSearcherFactory,FileSearcherFactory_RBL4Test_5e446228,repos/3713233/core/src/main/java/org/junithelper/core/file/FileSearcherFactory.java,repos/3713233/core/src/test/java/org/junithelper/core/file/FileSearcherFactory_RBL4Test_5e446228.java,core,D:\A_ThucNghiem\compiledrepos\3713233,D:\A_ThucNghiem\compiledrepos\3713233\core\src\main\java\org\junithelper\core\file\FileSearcherFactory.java,core/src/test/java/org/junithelper/core/file/FileSearcherFactory_RBL4Test_5e446228.java,org.junithelper.core.file,1.6,Maven,"mvn -B -ntp -DskipTests -DskipITs -f ""${REPO_DIR}\pom.xml"" clean test-compile","mvn -B -ntp -DskipTests -DskipITs -f ""${REPO_DIR}/pom.xml"" clean test-compile",v3:3713233:maven:core,1,1,1,0,0,PASS,PASS
3713233,https://github.com/seratch/junithelper,8c307eb05f762cf8030a3bd6d903228e0d5b98b2,3713233:core/src/main/java/org/junithelper/core/extractor/constructormetaextractor.java,ConstructorMetaExtractor,core/src/main/java/org/junithelper/core/extractor/ConstructorMetaExtractor.java,12,131,1108,6,3,13,23,3.8333333333333335,maven,core,core,.,maven:core,6,8,main,1,05a4d56b45644e9cedc61d3cae9e9c7099870196a1df6e4b40b78395db63a4df,42,sha256_repo_balanced_v3_1,higher_complexity_half,,,repos/successful/3713233,promoted_before_storage_audit,280,279,pilot60,class_sampling_manifest_final_seed42.csv,2026-07-23T11:07:03+00:00,per_repo_2class_pilot_complexity_half_then_selection_rank_seed42,1,3713233,ConstructorMetaExtractor,ConstructorMetaExtractor_RBL4Test_aefe9473,repos/3713233/core/src/main/java/org/junithelper/core/extractor/ConstructorMetaExtractor.java,repos/3713233/core/src/test/java/org/junithelper/core/extractor/ConstructorMetaExtractor_RBL4Test_aefe9473.java,core,D:\A_ThucNghiem\compiledrepos\3713233,D:\A_ThucNghiem\compiledrepos\3713233\core\src\main\java\org\junithelper\core\extractor\ConstructorMetaExtractor.java,core/src/test/java/org/junithelper/core/extractor/ConstructorMetaExtractor_RBL4Test_aefe9473.java,org.junithelper.core.extractor,1.6,Maven,"mvn -B -ntp -DskipTests -DskipITs -f ""${REPO_DIR}\pom.xml"" clean test-compile","mvn -B -ntp -DskipTests -DskipITs -f ""${REPO_DIR}/pom.xml"" clean test-compile",v3:3713233:maven:core,1,1,1,0,0,PASS,PASS
3847504,https://github.com/digitalroastery/weblounge,653c25ff728c18c31bdf12b21d45106dacc080dc,3847504:modules/weblounge-common/src/main/java/ch/entwine/weblounge/common/impl/scheduler/quartzjob.java,QuartzJob,modules/weblounge-common/src/main/java/ch/entwine/weblounge/common/impl/scheduler/QuartzJob.java,5,224,1702,26,24,9,49,1.8846153846153846,maven,.,modules/weblounge-common,modules/weblounge-common,maven:modules/weblounge-common,7,8,main,1,040af0590d0fceb361e22483e826f89bf224675d8102f8d7dffa45ec8748b947,42,sha256_repo_balanced_v3_1,higher_complexity_half,,,repos/successful/3847504,promoted_before_storage_audit,258,257,pilot60,class_sampling_manifest_final_seed42.csv,2026-07-23T11:07:03+00:00,per_repo_2class_pilot_complexity_half_then_selection_rank_seed42,2,3847504,QuartzJob,QuartzJob_RBL4Test_b84fb44f,repos/3847504/modules/weblounge-common/src/main/java/ch/entwine/weblounge/common/impl/scheduler/QuartzJob.java,repos/3847504/modules/weblounge-common/src/test/java/ch/entwine/weblounge/common/impl/scheduler/QuartzJob_RBL4Test_b84fb44f.java,modules/weblounge-common,D:\A_ThucNghiem\compiledrepos\3847504,D:\A_ThucNghiem\compiledrepos\3847504\modules\weblounge-common\src\main\java\ch\entwine\weblounge\common\impl\scheduler\QuartzJob.java,modules/weblounge-common/src/test/java/ch/entwine/weblounge/common/impl/scheduler/QuartzJob_RBL4Test_b84fb44f.java,ch.entwine.weblounge.common.impl.scheduler,1.7,Maven,"mvn -B -ntp -DskipTests -DskipITs -f ""${REPO_DIR}\pom.xml"" -pl modules/weblounge-common -am clean test-compile","mvn -B -ntp -DskipTests -DskipITs -f ""${REPO_DIR}/pom.xml"" -pl modules/weblounge-common -am clean test-compile",v3:3847504:maven:modules/weblounge-common,1,1,1,0,0,PASS,PASS
3847504,https://github.com/digitalroastery/weblounge,653c25ff728c18c31bdf12b21d45106dacc080dc,3847504:modules/weblounge-common/src/main/java/ch/entwine/weblounge/common/impl/content/page/pageimpl.java,PageImpl,modules/weblounge-common/src/main/java/ch/entwine/weblounge/common/impl/content/page/PageImpl.java,6,266,2106,23,19,17,68,2.9565217391304346,maven,.,modules/weblounge-common,modules/weblounge-common,maven:modules/weblounge-common,7,8,main,2,068fbd23888226bedc2101906848a722fc64ae18be10cdbfcaa30f0a42f331e7,42,sha256_repo_balanced_v3_1,higher_complexity_half,,,repos/successful/3847504,promoted_before_storage_audit,291,290,pilot60,class_sampling_manifest_final_seed42.csv,2026-07-23T11:07:03+00:00,per_repo_2class_pilot_complexity_half_then_selection_rank_seed42,3,3847504,PageImpl,PageImpl_RBL4Test_f985aed1,repos/3847504/modules/weblounge-common/src/main/java/ch/entwine/weblounge/common/impl/content/page/PageImpl.java,repos/3847504/modules/weblounge-common/src/test/java/ch/entwine/weblounge/common/impl/content/page/PageImpl_RBL4Test_f985aed1.java,modules/weblounge-common,D:\A_ThucNghiem\compiledrepos\3847504,D:\A_ThucNghiem\compiledrepos\3847504\modules\weblounge-common\src\main\java\ch\entwine\weblounge\common\impl\content\page\PageImpl.java,modules/weblounge-common/src/test/java/ch/entwine/weblounge/common/impl/content/page/PageImpl_RBL4Test_f985aed1.java,ch.entwine.weblounge.common.impl.content.page,1.7,Maven,"mvn -B -ntp -DskipTests -DskipITs -f ""${REPO_DIR}\pom.xml"" -pl modules/weblounge-common -am clean test-compile","mvn -B -ntp -DskipTests -DskipITs -f ""${REPO_DIR}/pom.xml"" -pl modules/weblounge-common -am clean test-compile",v3:3847504:maven:modules/weblounge-common,1,1,1,0,0,PASS,PASS
39195736,https://github.com/racodond/sonar-jproperties-plugin,7a6e8c332e5db8d2a89212fe8defe8b8fdb6c3f6,39195736:jproperties-checks/src/main/java/org/sonar/jproperties/checks/generic/missingtranslationscheck.java,MissingTranslationsCheck,jproperties-checks/src/main/java/org/sonar/jproperties/checks/generic/MissingTranslationsCheck.java,1,37,296,3,3,1,3,1.0,maven,.,jproperties-checks,jproperties-checks,maven:jproperties-checks,8,8,main,1,07a95418e3e252715855341f1fa562f13662f257799d03705dbde039b6eecdc3,42,sha256_repo_balanced_v3_1,lower_complexity_half,,,repos/successful/39195736,promoted_before_storage_audit,17,16,pilot60,class_sampling_manifest_final_seed42.csv,2026-07-23T11:07:03+00:00,per_repo_2class_pilot_complexity_half_then_selection_rank_seed42,4,39195736,MissingTranslationsCheck,MissingTranslationsCheck_RBL4Test_be7ec32e,repos/39195736/jproperties-checks/src/main/java/org/sonar/jproperties/checks/generic/MissingTranslationsCheck.java,repos/39195736/jproperties-checks/src/test/java/org/sonar/jproperties/checks/generic/MissingTranslationsCheck_RBL4Test_be7ec32e.java,jproperties-checks,D:\A_ThucNghiem\compiledrepos\39195736,D:\A_ThucNghiem\compiledrepos\39195736\jproperties-checks\src\main\java\org\sonar\jproperties\checks\generic\MissingTranslationsCheck.java,jproperties-checks/src/test/java/org/sonar/jproperties/checks/generic/MissingTranslationsCheck_RBL4Test_be7ec32e.java,org.sonar.jproperties.checks.generic,1.8,Maven,"mvn -B -ntp -DskipTests -DskipITs -f ""${REPO_DIR}\pom.xml"" -pl jproperties-checks -am clean test-compile","mvn -B -ntp -DskipTests -DskipITs -f ""${REPO_DIR}/pom.xml"" -pl jproperties-checks -am clean test-compile",v3:39195736:maven:jproperties-checks,1,1,1,0,0,PASS,PASS
39195736,https://github.com/racodond/sonar-jproperties-plugin,7a6e8c332e5db8d2a89212fe8defe8b8fdb6c3f6,39195736:jproperties-checks/src/main/java/org/sonar/jproperties/checks/generic/separatorconventioncheck.java,SeparatorConventionCheck,jproperties-checks/src/main/java/org/sonar/jproperties/checks/generic/SeparatorConventionCheck.java,2,74,554,5,3,9,15,3.0,maven,.,jproperties-checks,jproperties-checks,maven:jproperties-checks,8,8,main,2,0f8b63eedd177dbdd45eb1bf54c679d0fc37ceeac2f677d0ef7c3b9f85b0de39,42,sha256_repo_balanced_v3_1,higher_complexity_half,,,repos/successful/39195736,promoted_before_storage_audit,250,249,pilot60,class_sampling_manifest_final_seed42.csv,2026-07-23T11:07:03+00:00,per_repo_2class_pilot_complexity_half_then_selection_rank_seed42,5,39195736,SeparatorConventionCheck,SeparatorConventionCheck_RBL4Test_f2dcb8d8,repos/39195736/jproperties-checks/src/main/java/org/sonar/jproperties/checks/generic/SeparatorConventionCheck.java,repos/39195736/jproperties-checks/src/test/java/org/sonar/jproperties/checks/generic/SeparatorConventionCheck_RBL4Test_f2dcb8d8.java,jproperties-checks,D:\A_ThucNghiem\compiledrepos\39195736,D:\A_ThucNghiem\compiledrepos\39195736\jproperties-checks\src\main\java\org\sonar\jproperties\checks\generic\SeparatorConventionCheck.java,jproperties-checks/src/test/java/org/sonar/jproperties/checks/generic/SeparatorConventionCheck_RBL4Test_f2dcb8d8.java,org.sonar.jproperties.checks.generic,1.8,Maven,"mvn -B -ntp -DskipTests -DskipITs -f ""${REPO_DIR}\pom.xml"" -pl jproperties-checks -am clean test-compile","mvn -B -ntp -DskipTests -DskipITs -f ""${REPO_DIR}/pom.xml"" -pl jproperties-checks -am clean test-compile",v3:39195736:maven:jproperties-checks,1,1,1,0,0,PASS,PASS
41547678,https://github.com/ftomassetti/turin-programming-language,ae4aa23f92727a28479c99c3fd79b6c6d73fdd20,41547678:turin-standard-library/src/main/java/turin/context/context.java,Context,turin-standard-library/src/main/java/turin/context/Context.java,1,32,212,5,4,2,6,1.2,maven,.,turin-standard-library,turin-standard-library,maven:turin-standard-library,8,8,main,3,30469be79dc2c7653b4a978b048f888df0b1b78cc23969c43a845c4204bbca3b,42,sha256_repo_balanced_v3_1,lower_complexity_half,,,repos/successful/41547678,promoted_before_storage_audit,59,58,pilot60,class_sampling_manifest_final_seed42.csv,2026-07-23T11:07:03+00:00,per_repo_2class_pilot_complexity_half_then_selection_rank_seed42,6,41547678,Context,Context_RBL4Test_34266f79,repos/41547678/turin-standard-library/src/main/java/turin/context/Context.java,repos/41547678/turin-standard-library/src/test/java/turin/context/Context_RBL4Test_34266f79.java,turin-standard-library,D:\A_ThucNghiem\compiledrepos\41547678,D:\A_ThucNghiem\compiledrepos\41547678\turin-standard-library\src\main\java\turin\context\Context.java,turin-standard-library/src/test/java/turin/context/Context_RBL4Test_34266f79.java,turin.context,1.8,Maven,"mvn -B -ntp -DskipTests -DskipITs -f ""${REPO_DIR}\turin-standard-library\pom.xml"" clean test-compile","mvn -B -ntp -DskipTests -DskipITs -f ""${REPO_DIR}/turin-standard-library/pom.xml"" clean test-compile",v3:41547678:maven:turin-standard-library,1,1,1,0,0,PASS,PASS
41547678,https://github.com/ftomassetti/turin-programming-language,ae4aa23f92727a28479c99c3fd79b6c6d73fdd20,41547678:turin-compiler/src/main/java/me/tomassetti/turin/resolvers/srcsymbolresolver.java,SrcSymbolResolver,turin-compiler/src/main/java/me/tomassetti/turin/resolvers/SrcSymbolResolver.java,6,116,938,10,9,7,24,2.4,maven,.,turin-compiler,turin-compiler,maven:turin-compiler,8,8,main,1,02ccb8172336d2b9da7a2399aa0a5b3191b397044a2b452a52e7783b833831c1,42,sha256_repo_balanced_v3_1,higher_complexity_half,,,repos/successful/41547678,promoted_before_storage_audit,223,222,pilot60,class_sampling_manifest_final_seed42.csv,2026-07-23T11:07:03+00:00,per_repo_2class_pilot_complexity_half_then_selection_rank_seed42,7,41547678,SrcSymbolResolver,SrcSymbolResolver_RBL4Test_8fe4f5a7,repos/41547678/turin-compiler/src/main/java/me/tomassetti/turin/resolvers/SrcSymbolResolver.java,repos/41547678/turin-compiler/src/test/java/me/tomassetti/turin/resolvers/SrcSymbolResolver_RBL4Test_8fe4f5a7.java,turin-compiler,D:\A_ThucNghiem\compiledrepos\41547678,D:\A_ThucNghiem\compiledrepos\41547678\turin-compiler\src\main\java\me\tomassetti\turin\resolvers\SrcSymbolResolver.java,turin-compiler/src/test/java/me/tomassetti/turin/resolvers/SrcSymbolResolver_RBL4Test_8fe4f5a7.java,me.tomassetti.turin.resolvers,1.8,Maven,"mvn -B -ntp -DskipTests -DskipITs -f ""${REPO_DIR}\pom.xml"" -pl turin-compiler -am clean test-compile","mvn -B -ntp -DskipTests -DskipITs -f ""${REPO_DIR}/pom.xml"" -pl turin-compiler -am clean test-compile",v3:41547678:maven:turin-compiler,1,1,1,0,0,PASS,PASS
41627638,https://github.com/cuipengfei/Spikes,3b98b697479020d277bcf69f5651102982d7ba12,41627638:leetcode/battleships-in-a-board/src/main/java/com/github/battleship/solution.java,Solution,leetcode/battleships-in-a-board/src/main/java/com/github/battleship/Solution.java,11,30,179,3,1,4,9,3.0,gradle,leetcode/battleships-in-a-board,leetcode/battleships-in-a-board,.,gradle:leetcode/battleships-in-a-board,8,8,main,1,0dc7048617b74b7d95a4a82a4b27e404451cfabaa461233302d65347fd8d99dd,42,sha256_repo_balanced_v3_1,lower_complexity_half,,,repos/successful/41627638,promoted_before_storage_audit,129,128,pilot60,class_sampling_manifest_final_seed42.csv,2026-07-23T11:07:03+00:00,per_repo_2class_pilot_complexity_half_then_selection_rank_seed42,8,41627638,Solution,Solution_RBL4Test_d71b298e,repos/41627638/leetcode/battleships-in-a-board/src/main/java/com/github/battleship/Solution.java,repos/41627638/leetcode/battleships-in-a-board/src/test/java/com/github/battleship/Solution_RBL4Test_d71b298e.java,leetcode/battleships-in-a-board,D:\A_ThucNghiem\compiledrepos\41627638,D:\A_ThucNghiem\compiledrepos\41627638\leetcode\battleships-in-a-board\src\main\java\com\github\battleship\Solution.java,leetcode/battleships-in-a-board/src/test/java/com/github/battleship/Solution_RBL4Test_d71b298e.java,com.github.battleship,1.8,Gradle,"""${REPO_DIR}\gradlew.bat"" --no-daemon --console=plain --stacktrace clean testClasses -x test","""${REPO_DIR}/gradlew"" --no-daemon --console=plain --stacktrace clean testClasses -x test",v3:41627638:gradle:leetcode/battleships-in-a-board,1,1,1,0,0,PASS,PASS
41627638,https://github.com/cuipengfei/Spikes,3b98b697479020d277bcf69f5651102982d7ba12,41627638:leetcode/battleships-in-a-board/src/main/java/com/github/maxpointonline/plainloop/solution.java,Solution,leetcode/battleships-in-a-board/src/main/java/com/github/maxpointonline/plainloop/Solution.java,7,73,433,6,1,6,16,2.6666666666666665,gradle,leetcode/battleships-in-a-board,leetcode/battleships-in-a-board,.,gradle:leetcode/battleships-in-a-board,8,8,main,4,1e6c19a33399156e6f9f252b978656700c45c608425850ac8e7bf8eed3fde395,42,sha256_repo_balanced_v3_1,higher_complexity_half,,,repos/successful/41627638,promoted_before_storage_audit,197,196,pilot60,class_sampling_manifest_final_seed42.csv,2026-07-23T11:07:03+00:00,per_repo_2class_pilot_complexity_half_then_selection_rank_seed42,9,41627638,Solution,Solution_RBL4Test_5e962fc1,repos/41627638/leetcode/battleships-in-a-board/src/main/java/com/github/maxpointonline/plainloop/Solution.java,repos/41627638/leetcode/battleships-in-a-board/src/test/java/com/github/maxpointonline/plainloop/Solution_RBL4Test_5e962fc1.java,leetcode/battleships-in-a-board,D:\A_ThucNghiem\compiledrepos\41627638,D:\A_ThucNghiem\compiledrepos\41627638\leetcode\battleships-in-a-board\src\main\java\com\github\maxpointonline\plainloop\Solution.java,leetcode/battleships-in-a-board/src/test/java/com/github/maxpointonline/plainloop/Solution_RBL4Test_5e962fc1.java,com.github.maxpointonline.plainloop,1.8,Gradle,"""${REPO_DIR}\gradlew.bat"" --no-daemon --console=plain --stacktrace clean testClasses -x test","""${REPO_DIR}/gradlew"" --no-daemon --console=plain --stacktrace clean testClasses -x test",v3:41627638:gradle:leetcode/battleships-in-a-board,1,1,1,0,0,PASS,PASS
43105609,https://github.com/borball/weixin-sdk,ed624144fda218f7f85915de26012fa15940c87c,43105609:weixin-mp/src/main/java/com/riversoft/weixin/mp/care/caremessages.java,CareMessages,weixin-mp/src/main/java/com/riversoft/weixin/mp/care/CareMessages.java,2,126,1167,23,21,3,25,1.0869565217391304,maven,.,weixin-mp,weixin-mp,maven:weixin-mp,unknown,8,main,1,06fa94928183e21660cb50a2b51c2178a7787881c25de21c5bd037e519958882,42,sha256_repo_balanced_v3_1,lower_complexity_half,,,repos/successful/43105609,promoted,118,117,pilot60,class_sampling_manifest_final_seed42.csv,2026-07-23T11:07:03+00:00,per_repo_2class_pilot_complexity_half_then_selection_rank_seed42,10,43105609,CareMessages,CareMessages_RBL4Test_737b9436,repos/43105609/weixin-mp/src/main/java/com/riversoft/weixin/mp/care/CareMessages.java,repos/43105609/weixin-mp/src/test/java/com/riversoft/weixin/mp/care/CareMessages_RBL4Test_737b9436.java,weixin-mp,D:\A_ThucNghiem\compiledrepos\43105609,D:\A_ThucNghiem\compiledrepos\43105609\weixin-mp\src\main\java\com\riversoft\weixin\mp\care\CareMessages.java,weixin-mp/src/test/java/com/riversoft/weixin/mp/care/CareMessages_RBL4Test_737b9436.java,com.riversoft.weixin.mp.care,1.8,Maven,"mvn -B -ntp -DskipTests -DskipITs -f ""${REPO_DIR}\pom.xml"" -pl weixin-mp -am clean test-compile","mvn -B -ntp -DskipTests -DskipITs -f ""${REPO_DIR}/pom.xml"" -pl weixin-mp -am clean test-compile",v3:43105609:maven:weixin-mp,1,1,1,0,0,PASS,PASS
43105609,https://github.com/borball/weixin-sdk,ed624144fda218f7f85915de26012fa15940c87c,43105609:weixin-mp/src/main/java/com/riversoft/weixin/mp/media/materials.java,Materials,weixin-mp/src/main/java/com/riversoft/weixin/mp/media/Materials.java,5,243,1985,36,33,4,46,1.2777777777777777,maven,.,weixin-mp,weixin-mp,maven:weixin-mp,unknown,8,main,3,2c576529d223aae8caded9f10d2060f4fef54e9890569440a6457dac07f7085b,42,sha256_repo_balanced_v3_1,higher_complexity_half,,,repos/successful/43105609,promoted,164,163,pilot60,class_sampling_manifest_final_seed42.csv,2026-07-23T11:07:03+00:00,per_repo_2class_pilot_complexity_half_then_selection_rank_seed42,11,43105609,Materials,Materials_RBL4Test_a90c8766,repos/43105609/weixin-mp/src/main/java/com/riversoft/weixin/mp/media/Materials.java,repos/43105609/weixin-mp/src/test/java/com/riversoft/weixin/mp/media/Materials_RBL4Test_a90c8766.java,weixin-mp,D:\A_ThucNghiem\compiledrepos\43105609,D:\A_ThucNghiem\compiledrepos\43105609\weixin-mp\src\main\java\com\riversoft\weixin\mp\media\Materials.java,weixin-mp/src/test/java/com/riversoft/weixin/mp/media/Materials_RBL4Test_a90c8766.java,com.riversoft.weixin.mp.media,1.8,Maven,"mvn -B -ntp -DskipTests -DskipITs -f ""${REPO_DIR}\pom.xml"" -pl weixin-mp -am clean test-compile","mvn -B -ntp -DskipTests -DskipITs -f ""${REPO_DIR}/pom.xml"" -pl weixin-mp -am clean test-compile",v3:43105609:maven:weixin-mp,1,1,1,0,0,PASS,PASS
44308560,https://github.com/nokia/RED,ea24ca129c9983f89ace3072fa06dec9292fd945,44308560:src/robotframeworkcore/org.robotframework.ide.core-functions/src/main/java/org/rf/ide/core/execution/argumentsfile.java,ArgumentsFile,src/RobotFrameworkCore/org.robotframework.ide.core-functions/src/main/java/org/rf/ide/core/execution/ArgumentsFile.java,1,85,729,9,1,4,17,1.8888888888888888,maven,src/RobotFrameworkCore/org.robotframework.ide.core-functions,src/RobotFrameworkCore/org.robotframework.ide.core-functions,.,maven:src/RobotFrameworkCore/org.robotframework.ide.core-functions,8,8,main,1,046f0c8b36011b178f049ea05957c1ed6a034aa4d71f5907ff7786f8065a1074,42,sha256_repo_balanced_v3_1,lower_complexity_half,,,repos/successful/44308560,promoted_before_storage_audit,148,147,pilot60,class_sampling_manifest_final_seed42.csv,2026-07-23T11:07:03+00:00,per_repo_2class_pilot_complexity_half_then_selection_rank_seed42,12,44308560,ArgumentsFile,ArgumentsFile_RBL4Test_19fe2f02,repos/44308560/src/RobotFrameworkCore/org.robotframework.ide.core-functions/src/main/java/org/rf/ide/core/execution/ArgumentsFile.java,repos/44308560/src/RobotFrameworkCore/org.robotframework.ide.core-functions/src/test/java/org/rf/ide/core/execution/ArgumentsFile_RBL4Test_19fe2f02.java,src/RobotFrameworkCore/org.robotframework.ide.core-functions,D:\A_ThucNghiem\compiledrepos\44308560,D:\A_ThucNghiem\compiledrepos\44308560\src\RobotFrameworkCore\org.robotframework.ide.core-functions\src\main\java\org\rf\ide\core\execution\ArgumentsFile.java,src/RobotFrameworkCore/org.robotframework.ide.core-functions/src/test/java/org/rf/ide/core/execution/ArgumentsFile_RBL4Test_19fe2f02.java,org.rf.ide.core.execution,1.8,Maven,"mvn -B -ntp -DskipTests -DskipITs -f ""${REPO_DIR}\pom.xml"" clean test-compile","mvn -B -ntp -DskipTests -DskipITs -f ""${REPO_DIR}/pom.xml"" clean test-compile",v3:44308560:maven:src/RobotFrameworkCore/org.robotframework.ide.core-functions,1,1,1,0,0,PASS,PASS
44308560,https://github.com/nokia/RED,ea24ca129c9983f89ace3072fa06dec9292fd945,44308560:src/robotframeworkcore/org.robotframework.ide.core-functions/src/main/java/org/rf/ide/core/execution/debug/stackframevariables.java,StackFrameVariables,src/RobotFrameworkCore/org.robotframework.ide.core-functions/src/main/java/org/rf/ide/core/execution/debug/StackFrameVariables.java,1,132,1278,12,8,8,29,2.4166666666666665,maven,src/RobotFrameworkCore/org.robotframework.ide.core-functions,src/RobotFrameworkCore/org.robotframework.ide.core-functions,.,maven:src/RobotFrameworkCore/org.robotframework.ide.core-functions,8,8,main,3,060a16d10be546c7ea7315d509c68ec4071bd070851b5ca02c0169ae3548521a,42,sha256_repo_balanced_v3_1,higher_complexity_half,,,repos/successful/44308560,promoted_before_storage_audit,239,238,pilot60,class_sampling_manifest_final_seed42.csv,2026-07-23T11:07:03+00:00,per_repo_2class_pilot_complexity_half_then_selection_rank_seed42,13,44308560,StackFrameVariables,StackFrameVariables_RBL4Test_996db0ed,repos/44308560/src/RobotFrameworkCore/org.robotframework.ide.core-functions/src/main/java/org/rf/ide/core/execution/debug/StackFrameVariables.java,repos/44308560/src/RobotFrameworkCore/org.robotframework.ide.core-functions/src/test/java/org/rf/ide/core/execution/debug/StackFrameVariables_RBL4Test_996db0ed.java,src/RobotFrameworkCore/org.robotframework.ide.core-functions,D:\A_ThucNghiem\compiledrepos\44308560,D:\A_ThucNghiem\compiledrepos\44308560\src\RobotFrameworkCore\org.robotframework.ide.core-functions\src\main\java\org\rf\ide\core\execution\debug\StackFrameVariables.java,src/RobotFrameworkCore/org.robotframework.ide.core-functions/src/test/java/org/rf/ide/core/execution/debug/StackFrameVariables_RBL4Test_996db0ed.java,org.rf.ide.core.execution.debug,1.8,Maven,"mvn -B -ntp -DskipTests -DskipITs -f ""${REPO_DIR}\pom.xml"" clean test-compile","mvn -B -ntp -DskipTests -DskipITs -f ""${REPO_DIR}/pom.xml"" clean test-compile",v3:44308560:maven:src/RobotFrameworkCore/org.robotframework.ide.core-functions,1,1,1,0,0,PASS,PASS
45997449,https://github.com/eBay/WebRex,e1b925b6ebf9aa47a698d5bd869c77e33a654894,45997449:webrex/src/main/java/com/ebayopensource/webrex/resource/resourcewrapper.java,ResourceWrapper,WebRex/src/main/java/com/ebayopensource/webrex/resource/ResourceWrapper.java,1,76,408,16,15,1,16,1.0,maven,.,WebRex,WebRex,maven:WebRex,7,8,main,8,4b8c2c8f70aab229e1c96d31a131c38dda7705032a4c97c08bab4b999f9f0103,42,sha256_repo_balanced_v3_1,lower_complexity_half,,,repos/successful/45997449,promoted_before_storage_audit,38,37,pilot60,class_sampling_manifest_final_seed42.csv,2026-07-23T11:07:03+00:00,per_repo_2class_pilot_complexity_half_then_selection_rank_seed42,14,45997449,ResourceWrapper,ResourceWrapper_RBL4Test_5b1f1ebf,repos/45997449/WebRex/src/main/java/com/ebayopensource/webrex/resource/ResourceWrapper.java,repos/45997449/WebRex/src/test/java/com/ebayopensource/webrex/resource/ResourceWrapper_RBL4Test_5b1f1ebf.java,WebRex,D:\A_ThucNghiem\compiledrepos\45997449,D:\A_ThucNghiem\compiledrepos\45997449\WebRex\src\main\java\com\ebayopensource\webrex\resource\ResourceWrapper.java,WebRex/src/test/java/com/ebayopensource/webrex/resource/ResourceWrapper_RBL4Test_5b1f1ebf.java,com.ebayopensource.webrex.resource,1.7,Maven,"mvn -B -ntp -DskipTests -DskipITs -f ""${REPO_DIR}\WebRex\pom.xml"" clean test-compile","mvn -B -ntp -DskipTests -DskipITs -f ""${REPO_DIR}/WebRex/pom.xml"" clean test-compile",v3:45997449:maven:WebRex,1,1,1,0,0,PASS,PASS
45997449,https://github.com/eBay/WebRex,e1b925b6ebf9aa47a698d5bd869c77e33a654894,45997449:webrex/src/main/java/com/ebayopensource/webrex/resource/expression/resourceelevaluator.java,ResourceELEvaluator,WebRex/src/main/java/com/ebayopensource/webrex/resource/expression/ResourceELEvaluator.java,1,87,602,8,5,5,20,2.5,maven,.,WebRex,WebRex,maven:WebRex,7,8,main,1,1a61d5ec348865a4839456722632656287ab4ac427cf98f170416a8e4070b44f,42,sha256_repo_balanced_v3_1,higher_complexity_half,,,repos/successful/45997449,promoted_before_storage_audit,186,185,pilot60,class_sampling_manifest_final_seed42.csv,2026-07-23T11:07:03+00:00,per_repo_2class_pilot_complexity_half_then_selection_rank_seed42,15,45997449,ResourceELEvaluator,ResourceELEvaluator_RBL4Test_44ed24a7,repos/45997449/WebRex/src/main/java/com/ebayopensource/webrex/resource/expression/ResourceELEvaluator.java,repos/45997449/WebRex/src/test/java/com/ebayopensource/webrex/resource/expression/ResourceELEvaluator_RBL4Test_44ed24a7.java,WebRex,D:\A_ThucNghiem\compiledrepos\45997449,D:\A_ThucNghiem\compiledrepos\45997449\WebRex\src\main\java\com\ebayopensource\webrex\resource\expression\ResourceELEvaluator.java,WebRex/src/test/java/com/ebayopensource/webrex/resource/expression/ResourceELEvaluator_RBL4Test_44ed24a7.java,com.ebayopensource.webrex.resource.expression,1.7,Maven,"mvn -B -ntp -DskipTests -DskipITs -f ""${REPO_DIR}\WebRex\pom.xml"" clean test-compile","mvn -B -ntp -DskipTests -DskipITs -f ""${REPO_DIR}/WebRex/pom.xml"" clean test-compile",v3:45997449:maven:WebRex,1,1,1,0,0,PASS,PASS
46396068,https://github.com/kakao/hbase-tools,233e9ab0a4a31da9f5387fbb453db6d5799c072d,46396068:hbase0.98/hbase-common-0.98/src/main/java/com/kakao/hbase/common/util/alertsender.java,AlertSender,hbase0.98/hbase-common-0.98/src/main/java/com/kakao/hbase/common/util/AlertSender.java,1,36,258,3,2,4,6,2.0,maven,hbase0.98,hbase0.98/hbase-common-0.98,hbase-common-0.98,maven:hbase0.98/hbase-common-0.98,8,8,main,1,0ff5bdfd8bcf7e85ad75a8b319636f7a442caa3631387492f81b65ff65daac3a,42,sha256_repo_balanced_v3_1,lower_complexity_half,,,repos/successful/46396068,promoted_before_storage_audit,124,123,pilot60,class_sampling_manifest_final_seed42.csv,2026-07-23T11:07:03+00:00,per_repo_2class_pilot_complexity_half_then_selection_rank_seed42,16,46396068,AlertSender,AlertSender_RBL4Test_ed64392c,repos/46396068/hbase0.98/hbase-common-0.98/src/main/java/com/kakao/hbase/common/util/AlertSender.java,repos/46396068/hbase0.98/hbase-common-0.98/src/test/java/com/kakao/hbase/common/util/AlertSender_RBL4Test_ed64392c.java,hbase0.98/hbase-common-0.98,D:\A_ThucNghiem\compiledrepos\46396068,D:\A_ThucNghiem\compiledrepos\46396068\hbase0.98\hbase-common-0.98\src\main\java\com\kakao\hbase\common\util\AlertSender.java,hbase0.98/hbase-common-0.98/src/test/java/com/kakao/hbase/common/util/AlertSender_RBL4Test_ed64392c.java,com.kakao.hbase.common.util,1.8,Maven,"mvn -B -ntp -DskipTests -DskipITs -f ""${REPO_DIR}\hbase-common-0.98\pom.xml"" clean test-compile","mvn -B -ntp -DskipTests -DskipITs -f ""${REPO_DIR}/hbase-common-0.98/pom.xml"" clean test-compile",v3:46396068:maven:hbase0.98/hbase-common-0.98,1,1,1,0,0,PASS,PASS
46396068,https://github.com/kakao/hbase-tools,233e9ab0a4a31da9f5387fbb453db6d5799c072d,46396068:hbase0.98/hbase-manager-0.98/src/main/java/com/kakao/hbase/manager/command/mc.java,MC,hbase0.98/hbase-manager-0.98/src/main/java/com/kakao/hbase/manager/command/MC.java,7,240,2130,13,2,12,56,4.3076923076923075,maven,hbase0.98,hbase0.98/hbase-manager-0.98,hbase-manager-0.98,maven:hbase0.98/hbase-manager-0.98,8,8,main,2,130e4adb190a3edd40083f51e3b271665a008aee4219a203eb7a3f69a1b92733,42,sha256_repo_balanced_v3_1,higher_complexity_half,,,repos/successful/46396068,promoted_before_storage_audit,272,271,pilot60,class_sampling_manifest_final_seed42.csv,2026-07-23T11:07:03+00:00,per_repo_2class_pilot_complexity_half_then_selection_rank_seed42,17,46396068,MC,MC_RBL4Test_d7f89729,repos/46396068/hbase0.98/hbase-manager-0.98/src/main/java/com/kakao/hbase/manager/command/MC.java,repos/46396068/hbase0.98/hbase-manager-0.98/src/test/java/com/kakao/hbase/manager/command/MC_RBL4Test_d7f89729.java,hbase0.98/hbase-manager-0.98,D:\A_ThucNghiem\compiledrepos\46396068,D:\A_ThucNghiem\compiledrepos\46396068\hbase0.98\hbase-manager-0.98\src\main\java\com\kakao\hbase\manager\command\MC.java,hbase0.98/hbase-manager-0.98/src/test/java/com/kakao/hbase/manager/command/MC_RBL4Test_d7f89729.java,com.kakao.hbase.manager.command,1.8,Maven,"mvn -B -ntp -DskipTests -DskipITs -f ""${REPO_DIR}\pom.xml"" -pl hbase-manager-0.98 -am clean test-compile","mvn -B -ntp -DskipTests -DskipITs -f ""${REPO_DIR}/pom.xml"" -pl hbase-manager-0.98 -am clean test-compile",v3:46396068:maven:hbase0.98/hbase-manager-0.98,1,1,1,0,0,PASS,PASS
46450575,https://github.com/spotify/flo,91d2e546bc8fa8e6fee9bc8c6dd484d87db3b0af,46450575:flo-workflow/src/main/java/com/spotify/flo/context/asynccontext.java,AsyncContext,flo-workflow/src/main/java/com/spotify/flo/context/AsyncContext.java,6,41,327,6,5,1,6,1.0,maven,.,flo-workflow,flo-workflow,maven:flo-workflow,unknown,8,main,1,1dc83baa1cfb7e8e1e25b4651dc4f4e43c34462b04651354e4f624a2fc87528a,42,sha256_repo_balanced_v3_1,lower_complexity_half,,,repos/successful/46450575,promoted_before_storage_audit,29,28,pilot60,class_sampling_manifest_final_seed42.csv,2026-07-23T11:07:03+00:00,per_repo_2class_pilot_complexity_half_then_selection_rank_seed42,18,46450575,AsyncContext,AsyncContext_RBL4Test_acb5f0dc,repos/46450575/flo-workflow/src/main/java/com/spotify/flo/context/AsyncContext.java,repos/46450575/flo-workflow/src/test/java/com/spotify/flo/context/AsyncContext_RBL4Test_acb5f0dc.java,flo-workflow,D:\A_ThucNghiem\compiledrepos\46450575,D:\A_ThucNghiem\compiledrepos\46450575\flo-workflow\src\main\java\com\spotify\flo\context\AsyncContext.java,flo-workflow/src/test/java/com/spotify/flo/context/AsyncContext_RBL4Test_acb5f0dc.java,com.spotify.flo.context,1.8,Maven,"mvn -B -ntp -DskipTests -DskipITs -f ""${REPO_DIR}\pom.xml"" -pl flo-workflow -am clean test-compile","mvn -B -ntp -DskipTests -DskipITs -f ""${REPO_DIR}/pom.xml"" -pl flo-workflow -am clean test-compile",v3:46450575:maven:flo-workflow,1,1,1,0,0,PASS,PASS
46450575,https://github.com/spotify/flo,91d2e546bc8fa8e6fee9bc8c6dd484d87db3b0af,46450575:flo-workflow/src/main/java/com/spotify/flo/taskids.java,TaskIds,flo-workflow/src/main/java/com/spotify/flo/TaskIds.java,9,47,348,4,2,5,10,2.5,maven,.,flo-workflow,flo-workflow,maven:flo-workflow,unknown,8,main,9,a7670fdf34937cc16984f2a90edcb8b9c6509d7b39fcc938200ed017f630d29a,42,sha256_repo_balanced_v3_1,higher_complexity_half,,,repos/successful/46450575,promoted_before_storage_audit,182,181,pilot60,class_sampling_manifest_final_seed42.csv,2026-07-23T11:07:03+00:00,per_repo_2class_pilot_complexity_half_then_selection_rank_seed42,19,46450575,TaskIds,TaskIds_RBL4Test_b7d06a10,repos/46450575/flo-workflow/src/main/java/com/spotify/flo/TaskIds.java,repos/46450575/flo-workflow/src/test/java/com/spotify/flo/TaskIds_RBL4Test_b7d06a10.java,flo-workflow,D:\A_ThucNghiem\compiledrepos\46450575,D:\A_ThucNghiem\compiledrepos\46450575\flo-workflow\src\main\java\com\spotify\flo\TaskIds.java,flo-workflow/src/test/java/com/spotify/flo/TaskIds_RBL4Test_b7d06a10.java,com.spotify.flo,1.8,Maven,"mvn -B -ntp -DskipTests -DskipITs -f ""${REPO_DIR}\pom.xml"" -pl flo-workflow -am clean test-compile","mvn -B -ntp -DskipTests -DskipITs -f ""${REPO_DIR}/pom.xml"" -pl flo-workflow -am clean test-compile",v3:46450575:maven:flo-workflow,1,1,1,0,0,PASS,PASS
48046454,https://github.com/hazelcast/hazelcast-jet,60c713a718df89fdccedbf34aadcdcb953ae92a6,48046454:hazelcast-jet-core/src/main/java/com/hazelcast/jet/impl/jetclientinstanceimpl.java,JetClientInstanceImpl,hazelcast-jet-core/src/main/java/com/hazelcast/jet/impl/JetClientInstanceImpl.java,1,103,781,14,10,2,15,1.0714285714285714,maven,.,hazelcast-jet-core,hazelcast-jet-core,maven:hazelcast-jet-core,8,8,main,3,06fd35558eda76da04e52b4438022a9e9c4be4d2e573e1652fb0c260cad76e83,42,sha256_repo_balanced_v3_1,lower_complexity_half,,,repos/successful/48046454,promoted,77,76,pilot60,class_sampling_manifest_final_seed42.csv,2026-07-23T11:07:03+00:00,per_repo_2class_pilot_complexity_half_then_selection_rank_seed42,20,48046454,JetClientInstanceImpl,JetClientInstanceImpl_RBL4Test_5e8ad51c,repos/48046454/hazelcast-jet-core/src/main/java/com/hazelcast/jet/impl/JetClientInstanceImpl.java,repos/48046454/hazelcast-jet-core/src/test/java/com/hazelcast/jet/impl/JetClientInstanceImpl_RBL4Test_5e8ad51c.java,hazelcast-jet-core,D:\A_ThucNghiem\compiledrepos\48046454,D:\A_ThucNghiem\compiledrepos\48046454\hazelcast-jet-core\src\main\java\com\hazelcast\jet\impl\JetClientInstanceImpl.java,hazelcast-jet-core/src/test/java/com/hazelcast/jet/impl/JetClientInstanceImpl_RBL4Test_5e8ad51c.java,com.hazelcast.jet.impl,1.8,Maven,"""${REPO_DIR}\mvnw.cmd"" -B -ntp -DskipTests -DskipITs -f ""${REPO_DIR}\hazelcast-jet-core\pom.xml"" clean test-compile","""${REPO_DIR}/mvnw"" -B -ntp -DskipTests -DskipITs -f ""${REPO_DIR}/hazelcast-jet-core/pom.xml"" clean test-compile",v3:48046454:maven:hazelcast-jet-core,1,1,1,0,0,PASS,PASS
48046454,https://github.com/hazelcast/hazelcast-jet,60c713a718df89fdccedbf34aadcdcb953ae92a6,48046454:hazelcast-jet-core/src/main/java/com/hazelcast/jet/impl/util/skewreductionpolicy.java,SkewReductionPolicy,hazelcast-jet-core/src/main/java/com/hazelcast/jet/impl/util/SkewReductionPolicy.java,1,92,647,11,4,4,24,2.1818181818181817,maven,.,hazelcast-jet-core,hazelcast-jet-core,maven:hazelcast-jet-core,8,8,main,1,013aefa1d17e3c27593aaf6c41d55e25a57f4a579736d494624f57927c03ade2,42,sha256_repo_balanced_v3_1,higher_complexity_half,,,repos/successful/48046454,promoted,157,156,pilot60,class_sampling_manifest_final_seed42.csv,2026-07-23T11:07:03+00:00,per_repo_2class_pilot_complexity_half_then_selection_rank_seed42,21,48046454,SkewReductionPolicy,SkewReductionPolicy_RBL4Test_80a96ca0,repos/48046454/hazelcast-jet-core/src/main/java/com/hazelcast/jet/impl/util/SkewReductionPolicy.java,repos/48046454/hazelcast-jet-core/src/test/java/com/hazelcast/jet/impl/util/SkewReductionPolicy_RBL4Test_80a96ca0.java,hazelcast-jet-core,D:\A_ThucNghiem\compiledrepos\48046454,D:\A_ThucNghiem\compiledrepos\48046454\hazelcast-jet-core\src\main\java\com\hazelcast\jet\impl\util\SkewReductionPolicy.java,hazelcast-jet-core/src/test/java/com/hazelcast/jet/impl/util/SkewReductionPolicy_RBL4Test_80a96ca0.java,com.hazelcast.jet.impl.util,1.8,Maven,"""${REPO_DIR}\mvnw.cmd"" -B -ntp -DskipTests -DskipITs -f ""${REPO_DIR}\hazelcast-jet-core\pom.xml"" clean test-compile","""${REPO_DIR}/mvnw"" -B -ntp -DskipTests -DskipITs -f ""${REPO_DIR}/hazelcast-jet-core/pom.xml"" clean test-compile",v3:48046454:maven:hazelcast-jet-core,1,1,1,0,0,PASS,PASS
49384652,https://github.com/xiaolongzuo/niubi-job,ed21d5b80f8b16c8b3a0b2fbc688442b878edbe4,49384652:niubi-job-framework/niubi-job-core/src/main/java/com/zuoxiaolong/niubi/job/core/helper/objecthelper.java,ObjectHelper,niubi-job-framework/niubi-job-core/src/main/java/com/zuoxiaolong/niubi/job/core/helper/ObjectHelper.java,2,20,158,2,2,4,6,3.0,maven,.,niubi-job-framework/niubi-job-core,niubi-job-framework/niubi-job-core,maven:niubi-job-framework/niubi-job-core,8,8,main,2,204abd5458a858737891aa2484d2e1a1513c9200286d201c7600e3a03ae6e2f1,42,sha256_repo_balanced_v3_1,lower_complexity_half,,,repos/successful/49384652,promoted,125,124,pilot60,class_sampling_manifest_final_seed42.csv,2026-07-23T11:07:03+00:00,per_repo_2class_pilot_complexity_half_then_selection_rank_seed42,22,49384652,ObjectHelper,ObjectHelper_RBL4Test_3f333538,repos/49384652/niubi-job-framework/niubi-job-core/src/main/java/com/zuoxiaolong/niubi/job/core/helper/ObjectHelper.java,repos/49384652/niubi-job-framework/niubi-job-core/src/test/java/com/zuoxiaolong/niubi/job/core/helper/ObjectHelper_RBL4Test_3f333538.java,niubi-job-framework/niubi-job-core,D:\A_ThucNghiem\compiledrepos\49384652,D:\A_ThucNghiem\compiledrepos\49384652\niubi-job-framework\niubi-job-core\src\main\java\com\zuoxiaolong\niubi\job\core\helper\ObjectHelper.java,niubi-job-framework/niubi-job-core/src/test/java/com/zuoxiaolong/niubi/job/core/helper/ObjectHelper_RBL4Test_3f333538.java,com.zuoxiaolong.niubi.job.core.helper,1.8,Maven,"mvn -B -ntp -DskipTests -DskipITs -f ""${REPO_DIR}\pom.xml"" -pl niubi-job-framework/niubi-job-core -am clean test-compile","mvn -B -ntp -DskipTests -DskipITs -f ""${REPO_DIR}/pom.xml"" -pl niubi-job-framework/niubi-job-core -am clean test-compile",v3:49384652:maven:niubi-job-framework/niubi-job-core,1,1,1,0,0,PASS,PASS
49384652,https://github.com/xiaolongzuo/niubi-job,ed21d5b80f8b16c8b3a0b2fbc688442b878edbe4,49384652:niubi-job-framework/niubi-job-service/src/main/java/com/zuoxiaolong/niubi/job/service/impl/standbyjobserviceimpl.java,StandbyJobServiceImpl,niubi-job-framework/niubi-job-service/src/main/java/com/zuoxiaolong/niubi/job/service/impl/StandbyJobServiceImpl.java,3,87,751,5,5,5,10,2.0,maven,.,niubi-job-framework/niubi-job-service,niubi-job-framework/niubi-job-service,maven:niubi-job-framework/niubi-job-service,8,8,main,1,0b7e1efb40b8a35d5b4904fc556577a950887ca1961eebe1deaffd0d4538ddbf,42,sha256_repo_balanced_v3_1,higher_complexity_half,,,repos/successful/49384652,promoted,177,176,pilot60,class_sampling_manifest_final_seed42.csv,2026-07-23T11:07:03+00:00,per_repo_2class_pilot_complexity_half_then_selection_rank_seed42,23,49384652,StandbyJobServiceImpl,StandbyJobServiceImpl_RBL4Test_06be1a5a,repos/49384652/niubi-job-framework/niubi-job-service/src/main/java/com/zuoxiaolong/niubi/job/service/impl/StandbyJobServiceImpl.java,repos/49384652/niubi-job-framework/niubi-job-service/src/test/java/com/zuoxiaolong/niubi/job/service/impl/StandbyJobServiceImpl_RBL4Test_06be1a5a.java,niubi-job-framework/niubi-job-service,D:\A_ThucNghiem\compiledrepos\49384652,D:\A_ThucNghiem\compiledrepos\49384652\niubi-job-framework\niubi-job-service\src\main\java\com\zuoxiaolong\niubi\job\service\impl\StandbyJobServiceImpl.java,niubi-job-framework/niubi-job-service/src/test/java/com/zuoxiaolong/niubi/job/service/impl/StandbyJobServiceImpl_RBL4Test_06be1a5a.java,com.zuoxiaolong.niubi.job.service.impl,1.8,Maven,"mvn -B -ntp -DskipTests -DskipITs -f ""${REPO_DIR}\pom.xml"" -pl niubi-job-framework/niubi-job-service -am clean test-compile","mvn -B -ntp -DskipTests -DskipITs -f ""${REPO_DIR}/pom.xml"" -pl niubi-job-framework/niubi-job-service -am clean test-compile",v3:49384652:maven:niubi-job-framework/niubi-job-service,1,1,1,0,0,PASS,PASS
558963,https://github.com/httpcache4j/httpcache4j,9c07ebd63cd104a99eb9e771f760f14efa4fe0f6,558963:httpcache4j-api/src/main/java/org/codehaus/httpcache4j/header.java,Header,httpcache4j-api/src/main/java/org/codehaus/httpcache4j/Header.java,1,43,307,5,2,4,11,2.2,maven,.,httpcache4j-api,httpcache4j-api,maven:httpcache4j-api,8,8,main,3,0fbe8b51d5cd690832e6f6a33f75cdf15e98327411af283b229eea78cb9258c0,42,sha256_repo_balanced_v3_1,lower_complexity_half,,,repos/successful/558963,promoted_before_storage_audit,139,138,pilot60,class_sampling_manifest_final_seed42.csv,2026-07-23T11:07:03+00:00,per_repo_2class_pilot_complexity_half_then_selection_rank_seed42,24,558963,Header,Header_RBL4Test_81a76271,repos/558963/httpcache4j-api/src/main/java/org/codehaus/httpcache4j/Header.java,repos/558963/httpcache4j-api/src/test/java/org/codehaus/httpcache4j/Header_RBL4Test_81a76271.java,httpcache4j-api,D:\A_ThucNghiem\compiledrepos\558963,D:\A_ThucNghiem\compiledrepos\558963\httpcache4j-api\src\main\java\org\codehaus\httpcache4j\Header.java,httpcache4j-api/src/test/java/org/codehaus/httpcache4j/Header_RBL4Test_81a76271.java,org.codehaus.httpcache4j,1.8,Maven,"mvn -B -ntp -DskipTests -DskipITs -f ""${REPO_DIR}\httpcache4j-api\pom.xml"" clean test-compile","mvn -B -ntp -DskipTests -DskipITs -f ""${REPO_DIR}/httpcache4j-api/pom.xml"" clean test-compile",v3:558963:maven:httpcache4j-api,1,1,1,0,0,PASS,PASS
558963,https://github.com/httpcache4j/httpcache4j,9c07ebd63cd104a99eb9e771f760f14efa4fe0f6,558963:httpcache4j-api/src/main/java/org/codehaus/httpcache4j/status.java,Status,httpcache4j-api/src/main/java/org/codehaus/httpcache4j/Status.java,3,160,1300,17,14,7,34,2.0,maven,.,httpcache4j-api,httpcache4j-api,maven:httpcache4j-api,8,8,main,1,002232f7dcde0ee95a647549186a51a0d9cff4a0783af24a03917ae39705dd53,42,sha256_repo_balanced_v3_1,higher_complexity_half,,,repos/successful/558963,promoted_before_storage_audit,229,228,pilot60,class_sampling_manifest_final_seed42.csv,2026-07-23T11:07:03+00:00,per_repo_2class_pilot_complexity_half_then_selection_rank_seed42,25,558963,Status,Status_RBL4Test_095adb46,repos/558963/httpcache4j-api/src/main/java/org/codehaus/httpcache4j/Status.java,repos/558963/httpcache4j-api/src/test/java/org/codehaus/httpcache4j/Status_RBL4Test_095adb46.java,httpcache4j-api,D:\A_ThucNghiem\compiledrepos\558963,D:\A_ThucNghiem\compiledrepos\558963\httpcache4j-api\src\main\java\org\codehaus\httpcache4j\Status.java,httpcache4j-api/src/test/java/org/codehaus/httpcache4j/Status_RBL4Test_095adb46.java,org.codehaus.httpcache4j,1.8,Maven,"mvn -B -ntp -DskipTests -DskipITs -f ""${REPO_DIR}\httpcache4j-api\pom.xml"" clean test-compile","mvn -B -ntp -DskipTests -DskipITs -f ""${REPO_DIR}/httpcache4j-api/pom.xml"" clean test-compile",v3:558963:maven:httpcache4j-api,1,1,1,0,0,PASS,PASS
60578004,https://github.com/artoderk/elastic-jobx,1431671595cee4222e4445fc80b5b14e6262d7b8,60578004:elastic-jobx-core/src/main/java/com/dangdang/ddframe/job/api/jobexecutionmultipleshardingcontext.java,JobExecutionMultipleShardingContext,elastic-jobx-core/src/main/java/com/dangdang/ddframe/job/api/JobExecutionMultipleShardingContext.java,2,41,300,2,2,3,4,2.0,maven,.,elastic-jobx-core,elastic-jobx-core,maven:elastic-jobx-core,6,8,main,2,1136d30b4b6898a1f3b759a4be514cbe6fbb665ab9825a34f0086c5a55f93463,42,sha256_repo_balanced_v3_1,lower_complexity_half,,,repos/successful/60578004,promoted_before_storage_audit,88,87,pilot60,class_sampling_manifest_final_seed42.csv,2026-07-23T11:07:03+00:00,per_repo_2class_pilot_complexity_half_then_selection_rank_seed42,26,60578004,JobExecutionMultipleShardingContext,JobExecutionMultipleShardingContext_RBL4Test_c6723af1,repos/60578004/elastic-jobx-core/src/main/java/com/dangdang/ddframe/job/api/JobExecutionMultipleShardingContext.java,repos/60578004/elastic-jobx-core/src/test/java/com/dangdang/ddframe/job/api/JobExecutionMultipleShardingContext_RBL4Test_c6723af1.java,elastic-jobx-core,D:\A_ThucNghiem\compiledrepos\60578004,D:\A_ThucNghiem\compiledrepos\60578004\elastic-jobx-core\src\main\java\com\dangdang\ddframe\job\api\JobExecutionMultipleShardingContext.java,elastic-jobx-core/src/test/java/com/dangdang/ddframe/job/api/JobExecutionMultipleShardingContext_RBL4Test_c6723af1.java,com.dangdang.ddframe.job.api,1.6,Maven,"mvn -B -ntp -DskipTests -DskipITs -f ""${REPO_DIR}\elastic-jobx-core\pom.xml"" clean test-compile","mvn -B -ntp -DskipTests -DskipITs -f ""${REPO_DIR}/elastic-jobx-core/pom.xml"" clean test-compile",v3:60578004:maven:elastic-jobx-core,1,1,1,0,0,PASS,PASS
60578004,https://github.com/artoderk/elastic-jobx,1431671595cee4222e4445fc80b5b14e6262d7b8,60578004:elastic-jobx-core/src/main/java/com/dangdang/ddframe/job/internal/server/serverservice.java,ServerService,elastic-jobx-core/src/main/java/com/dangdang/ddframe/job/internal/server/ServerService.java,19,85,749,17,15,4,25,1.4705882352941178,maven,.,elastic-jobx-core,elastic-jobx-core,maven:elastic-jobx-core,6,8,main,1,0d265013a3b1e8e7e8c9e159ead9dda5b5c686b1db8a3f255b4f1332680fca98,42,sha256_repo_balanced_v3_1,higher_complexity_half,,,repos/successful/60578004,promoted_before_storage_audit,159,158,pilot60,class_sampling_manifest_final_seed42.csv,2026-07-23T11:07:03+00:00,per_repo_2class_pilot_complexity_half_then_selection_rank_seed42,27,60578004,ServerService,ServerService_RBL4Test_c34449d1,repos/60578004/elastic-jobx-core/src/main/java/com/dangdang/ddframe/job/internal/server/ServerService.java,repos/60578004/elastic-jobx-core/src/test/java/com/dangdang/ddframe/job/internal/server/ServerService_RBL4Test_c34449d1.java,elastic-jobx-core,D:\A_ThucNghiem\compiledrepos\60578004,D:\A_ThucNghiem\compiledrepos\60578004\elastic-jobx-core\src\main\java\com\dangdang\ddframe\job\internal\server\ServerService.java,elastic-jobx-core/src/test/java/com/dangdang/ddframe/job/internal/server/ServerService_RBL4Test_c34449d1.java,com.dangdang.ddframe.job.internal.server,1.6,Maven,"mvn -B -ntp -DskipTests -DskipITs -f ""${REPO_DIR}\elastic-jobx-core\pom.xml"" clean test-compile","mvn -B -ntp -DskipTests -DskipITs -f ""${REPO_DIR}/elastic-jobx-core/pom.xml"" clean test-compile",v3:60578004:maven:elastic-jobx-core,1,1,1,0,0,PASS,PASS
61565876,https://github.com/ljacqu/DependencyInjector,eecb0f51c3f2ae9936c9ff64f486953eb3e48b3d,61565876:injector/src/main/java/ch/jalu/injector/handlers/dependency/typesafeannotationhandler.java,TypeSafeAnnotationHandler,injector/src/main/java/ch/jalu/injector/handlers/dependency/TypeSafeAnnotationHandler.java,3,21,172,1,1,3,3,3.0,maven,.,injector,injector,maven:injector,8,8,main,1,077fe08f057ae72f91d833792d9eaab50a19845d4cb2d2f3f9145823a05bd428,42,sha256_repo_balanced_v3_1,lower_complexity_half,,,repos/successful/61565876,promoted_before_storage_audit,82,81,pilot60,class_sampling_manifest_final_seed42.csv,2026-07-23T11:07:03+00:00,per_repo_2class_pilot_complexity_half_then_selection_rank_seed42,28,61565876,TypeSafeAnnotationHandler,TypeSafeAnnotationHandler_RBL4Test_35218d3d,repos/61565876/injector/src/main/java/ch/jalu/injector/handlers/dependency/TypeSafeAnnotationHandler.java,repos/61565876/injector/src/test/java/ch/jalu/injector/handlers/dependency/TypeSafeAnnotationHandler_RBL4Test_35218d3d.java,injector,D:\A_ThucNghiem\compiledrepos\61565876,D:\A_ThucNghiem\compiledrepos\61565876\injector\src\main\java\ch\jalu\injector\handlers\dependency\TypeSafeAnnotationHandler.java,injector/src/test/java/ch/jalu/injector/handlers/dependency/TypeSafeAnnotationHandler_RBL4Test_35218d3d.java,ch.jalu.injector.handlers.dependency,1.8,Maven,"mvn -B -ntp -DskipTests -DskipITs -f ""${REPO_DIR}\injector\pom.xml"" clean test-compile","mvn -B -ntp -DskipTests -DskipITs -f ""${REPO_DIR}/injector/pom.xml"" clean test-compile",v3:61565876:maven:injector,1,1,1,0,0,PASS,PASS
61565876,https://github.com/ljacqu/DependencyInjector,eecb0f51c3f2ae9936c9ff64f486953eb3e48b3d,61565876:injector/src/main/java/ch/jalu/injector/utils/injectorutils.java,InjectorUtils,injector/src/main/java/ch/jalu/injector/utils/InjectorUtils.java,11,49,293,9,8,4,19,2.111111111111111,maven,.,injector,injector,maven:injector,8,8,main,4,2a4a3961faa5089699828f4451d4187a6c9f635f83bee1b1db4718c0c885ca65,42,sha256_repo_balanced_v3_1,higher_complexity_half,,,repos/successful/61565876,promoted_before_storage_audit,154,153,pilot60,class_sampling_manifest_final_seed42.csv,2026-07-23T11:07:03+00:00,per_repo_2class_pilot_complexity_half_then_selection_rank_seed42,29,61565876,InjectorUtils,InjectorUtils_RBL4Test_32d528d0,repos/61565876/injector/src/main/java/ch/jalu/injector/utils/InjectorUtils.java,repos/61565876/injector/src/test/java/ch/jalu/injector/utils/InjectorUtils_RBL4Test_32d528d0.java,injector,D:\A_ThucNghiem\compiledrepos\61565876,D:\A_ThucNghiem\compiledrepos\61565876\injector\src\main\java\ch\jalu\injector\utils\InjectorUtils.java,injector/src/test/java/ch/jalu/injector/utils/InjectorUtils_RBL4Test_32d528d0.java,ch.jalu.injector.utils,1.8,Maven,"mvn -B -ntp -DskipTests -DskipITs -f ""${REPO_DIR}\injector\pom.xml"" clean test-compile","mvn -B -ntp -DskipTests -DskipITs -f ""${REPO_DIR}/injector/pom.xml"" clean test-compile",v3:61565876:maven:injector,1,1,1,0,0,PASS,PASS
6293402,https://github.com/vaadin/framework,02c87d4918204dfc354c71bdecc395e605c20d8e,6293402:server/src/main/java/com/vaadin/data/provider/listdataprovider.java,ListDataProvider,server/src/main/java/com/vaadin/data/provider/ListDataProvider.java,9,66,458,9,7,2,11,1.2222222222222223,maven,.,server,server,maven:server,8,8,main,1,0dda7766e63a3a7e556285184ba5115567236065f390ce6f63df421c8ec84ba0,42,sha256_repo_balanced_v3_1,lower_complexity_half,,,repos/successful/6293402,promoted,72,71,pilot60,class_sampling_manifest_final_seed42.csv,2026-07-23T11:07:03+00:00,per_repo_2class_pilot_complexity_half_then_selection_rank_seed42,30,6293402,ListDataProvider,ListDataProvider_RBL4Test_d31191e9,repos/6293402/server/src/main/java/com/vaadin/data/provider/ListDataProvider.java,repos/6293402/server/src/test/java/com/vaadin/data/provider/ListDataProvider_RBL4Test_d31191e9.java,server,D:\A_ThucNghiem\compiledrepos\6293402,D:\A_ThucNghiem\compiledrepos\6293402\server\src\main\java\com\vaadin\data\provider\ListDataProvider.java,server/src/test/java/com/vaadin/data/provider/ListDataProvider_RBL4Test_d31191e9.java,com.vaadin.data.provider,1.8,Maven,"mvn -B -ntp -DskipTests -DskipITs -f ""${REPO_DIR}\server\pom.xml"" clean test-compile","mvn -B -ntp -DskipTests -DskipITs -f ""${REPO_DIR}/server/pom.xml"" clean test-compile",v3:6293402:maven:server,1,1,1,0,0,PASS,PASS
6293402,https://github.com/vaadin/framework,02c87d4918204dfc354c71bdecc395e605c20d8e,6293402:server/src/main/java/com/vaadin/util/currentinstance.java,CurrentInstance,server/src/main/java/com/vaadin/util/CurrentInstance.java,3,171,1180,12,8,6,37,3.0833333333333335,maven,.,server,server,maven:server,8,8,main,2,18e2058d651f035d4c75a4b54dbc9767e1a7c688a670fce177e68ed5fd58a14f,42,sha256_repo_balanced_v3_1,higher_complexity_half,,,repos/successful/6293402,promoted,211,210,pilot60,class_sampling_manifest_final_seed42.csv,2026-07-23T11:07:03+00:00,per_repo_2class_pilot_complexity_half_then_selection_rank_seed42,31,6293402,CurrentInstance,CurrentInstance_RBL4Test_2f6a5671,repos/6293402/server/src/main/java/com/vaadin/util/CurrentInstance.java,repos/6293402/server/src/test/java/com/vaadin/util/CurrentInstance_RBL4Test_2f6a5671.java,server,D:\A_ThucNghiem\compiledrepos\6293402,D:\A_ThucNghiem\compiledrepos\6293402\server\src\main\java\com\vaadin\util\CurrentInstance.java,server/src/test/java/com/vaadin/util/CurrentInstance_RBL4Test_2f6a5671.java,com.vaadin.util,1.8,Maven,"mvn -B -ntp -DskipTests -DskipITs -f ""${REPO_DIR}\server\pom.xml"" clean test-compile","mvn -B -ntp -DskipTests -DskipITs -f ""${REPO_DIR}/server/pom.xml"" clean test-compile",v3:6293402:maven:server,1,1,1,0,0,PASS,PASS
6437134,https://github.com/dma-enav/e-Navigation,42840b63789a8dee0fa330efb44678417e08d127,6437134:enav-model/src/main/java/dk/dma/enav/safety/safetyzones.java,SafetyZones,enav-model/src/main/java/dk/dma/enav/safety/SafetyZones.java,4,43,555,4,4,1,4,1.0,maven,.,enav-model,enav-model,maven:enav-model,unknown,8,main,4,8a5be69b39912c15477091d2777bb32cdc77834c2edbf25e3969c9d6d794eafb,42,sha256_repo_balanced_v3_1,lower_complexity_half,,,repos/successful/6437134,promoted,25,24,pilot60,class_sampling_manifest_final_seed42.csv,2026-07-23T11:07:03+00:00,per_repo_2class_pilot_complexity_half_then_selection_rank_seed42,32,6437134,SafetyZones,SafetyZones_RBL4Test_d088ee82,repos/6437134/enav-model/src/main/java/dk/dma/enav/safety/SafetyZones.java,repos/6437134/enav-model/src/test/java/dk/dma/enav/safety/SafetyZones_RBL4Test_d088ee82.java,enav-model,D:\A_ThucNghiem\compiledrepos\6437134,D:\A_ThucNghiem\compiledrepos\6437134\enav-model\src\main\java\dk\dma\enav\safety\SafetyZones.java,enav-model/src/test/java/dk/dma/enav/safety/SafetyZones_RBL4Test_d088ee82.java,dk.dma.enav.safety,1.8,Maven,"mvn -B -ntp -DskipTests -DskipITs -f ""${REPO_DIR}\pom.xml"" -pl enav-model -am clean test-compile","mvn -B -ntp -DskipTests -DskipITs -f ""${REPO_DIR}/pom.xml"" -pl enav-model -am clean test-compile",v3:6437134:maven:enav-model,1,1,1,0,0,PASS,PASS
6437134,https://github.com/dma-enav/e-Navigation,42840b63789a8dee0fa330efb44678417e08d127,6437134:enav-model/src/main/java/dk/dma/enav/model/geometry/positiontime.java,PositionTime,enav-model/src/main/java/dk/dma/enav/model/geometry/PositionTime.java,3,81,810,12,10,4,19,1.5833333333333333,maven,.,enav-model,enav-model,maven:enav-model,unknown,8,main,1,197a1090f2dcd87476971b65928da327a4a3306e646ad5761d7c632b3b5fc8dd,42,sha256_repo_balanced_v3_1,higher_complexity_half,,,repos/successful/6437134,promoted,153,152,pilot60,class_sampling_manifest_final_seed42.csv,2026-07-23T11:07:03+00:00,per_repo_2class_pilot_complexity_half_then_selection_rank_seed42,33,6437134,PositionTime,PositionTime_RBL4Test_e9d79346,repos/6437134/enav-model/src/main/java/dk/dma/enav/model/geometry/PositionTime.java,repos/6437134/enav-model/src/test/java/dk/dma/enav/model/geometry/PositionTime_RBL4Test_e9d79346.java,enav-model,D:\A_ThucNghiem\compiledrepos\6437134,D:\A_ThucNghiem\compiledrepos\6437134\enav-model\src\main\java\dk\dma\enav\model\geometry\PositionTime.java,enav-model/src/test/java/dk/dma/enav/model/geometry/PositionTime_RBL4Test_e9d79346.java,dk.dma.enav.model.geometry,1.8,Maven,"mvn -B -ntp -DskipTests -DskipITs -f ""${REPO_DIR}\pom.xml"" -pl enav-model -am clean test-compile","mvn -B -ntp -DskipTests -DskipITs -f ""${REPO_DIR}/pom.xml"" -pl enav-model -am clean test-compile",v3:6437134:maven:enav-model,1,1,1,0,0,PASS,PASS
64487983,https://github.com/ErnestMing/JavaDesignPartternImpl,34431d71b4a00ef79895db9aaca30020baace209,64487983:bridge/src/main/java/com/iluwatar/bridge/app.java,App,bridge/src/main/java/com/iluwatar/bridge/App.java,1,20,132,1,1,1,1,1.0,maven,.,bridge,bridge,maven:bridge,8,8,main,1,0189e317b20908dbb6a034cf1f086a705cb6fc7ae7083b5b0e22827823435ec1,42,sha256_repo_balanced_v3_1,lower_complexity_half,,,repos/successful/64487983,promoted_before_storage_audit,1,0,pilot60,class_sampling_manifest_final_seed42.csv,2026-07-23T11:07:03+00:00,per_repo_2class_pilot_complexity_half_then_selection_rank_seed42,34,64487983,App,App_RBL4Test_58f65afc,repos/64487983/bridge/src/main/java/com/iluwatar/bridge/App.java,repos/64487983/bridge/src/test/java/com/iluwatar/bridge/App_RBL4Test_58f65afc.java,bridge,D:\A_ThucNghiem\compiledrepos\64487983,D:\A_ThucNghiem\compiledrepos\64487983\bridge\src\main\java\com\iluwatar\bridge\App.java,bridge/src/test/java/com/iluwatar/bridge/App_RBL4Test_58f65afc.java,com.iluwatar.bridge,1.8,Maven,"mvn -B -ntp -DskipTests -DskipITs -f ""${REPO_DIR}\bridge\pom.xml"" clean test-compile","mvn -B -ntp -DskipTests -DskipITs -f ""${REPO_DIR}/bridge/pom.xml"" clean test-compile",v3:64487983:maven:bridge,1,1,1,0,0,PASS,PASS
64487983,https://github.com/ErnestMing/JavaDesignPartternImpl,34431d71b4a00ef79895db9aaca30020baace209,64487983:hexagonal/src/main/java/com/iluwatar/hexagonal/domain/lotteryticket.java,LotteryTicket,hexagonal/src/main/java/com/iluwatar/hexagonal/domain/LotteryTicket.java,1,54,291,6,5,10,17,2.8333333333333335,maven,.,hexagonal,hexagonal,maven:hexagonal,8,8,main,3,1e785fa1afab2d7e4e88b32e508b63809a8e1a3b4c5a657ecb184876186776e6,42,sha256_repo_balanced_v3_1,higher_complexity_half,,,repos/successful/64487983,promoted_before_storage_audit,262,261,pilot60,class_sampling_manifest_final_seed42.csv,2026-07-23T11:07:03+00:00,per_repo_2class_pilot_complexity_half_then_selection_rank_seed42,35,64487983,LotteryTicket,LotteryTicket_RBL4Test_81d1374a,repos/64487983/hexagonal/src/main/java/com/iluwatar/hexagonal/domain/LotteryTicket.java,repos/64487983/hexagonal/src/test/java/com/iluwatar/hexagonal/domain/LotteryTicket_RBL4Test_81d1374a.java,hexagonal,D:\A_ThucNghiem\compiledrepos\64487983,D:\A_ThucNghiem\compiledrepos\64487983\hexagonal\src\main\java\com\iluwatar\hexagonal\domain\LotteryTicket.java,hexagonal/src/test/java/com/iluwatar/hexagonal/domain/LotteryTicket_RBL4Test_81d1374a.java,com.iluwatar.hexagonal.domain,1.8,Maven,"mvn -B -ntp -DskipTests -DskipITs -f ""${REPO_DIR}\hexagonal\pom.xml"" clean test-compile","mvn -B -ntp -DskipTests -DskipITs -f ""${REPO_DIR}/hexagonal/pom.xml"" clean test-compile",v3:64487983:maven:hexagonal,1,1,1,0,0,PASS,PASS
66303306,https://github.com/bazaarvoice/emodb,8184514eb831eb9f874718741ab701d2d02a638c,66303306:event/src/main/java/com/bazaarvoice/emodb/event/db/astyanax/defaultslaballocator.java,DefaultSlabAllocator,event/src/main/java/com/bazaarvoice/emodb/event/db/astyanax/DefaultSlabAllocator.java,9,119,975,8,4,4,15,1.875,maven,.,event,event,maven:event,unknown,8,main,1,011538e7b46479a839bde2db8263c8847c6a45e96462c49e6ad211375c58821c,42,sha256_repo_balanced_v3_1,lower_complexity_half,,,repos/successful/66303306,promoted,146,145,pilot60,class_sampling_manifest_final_seed42.csv,2026-07-23T11:07:03+00:00,per_repo_2class_pilot_complexity_half_then_selection_rank_seed42,36,66303306,DefaultSlabAllocator,DefaultSlabAllocator_RBL4Test_b8c57976,repos/66303306/event/src/main/java/com/bazaarvoice/emodb/event/db/astyanax/DefaultSlabAllocator.java,repos/66303306/event/src/test/java/com/bazaarvoice/emodb/event/db/astyanax/DefaultSlabAllocator_RBL4Test_b8c57976.java,event,D:\A_ThucNghiem\compiledrepos\66303306,D:\A_ThucNghiem\compiledrepos\66303306\event\src\main\java\com\bazaarvoice\emodb\event\db\astyanax\DefaultSlabAllocator.java,event/src/test/java/com/bazaarvoice/emodb/event/db/astyanax/DefaultSlabAllocator_RBL4Test_b8c57976.java,com.bazaarvoice.emodb.event.db.astyanax,1.8,Maven,"mvn -B -ntp -DskipTests -DskipITs -f ""${REPO_DIR}\pom.xml"" -pl event -am clean test-compile","mvn -B -ntp -DskipTests -DskipITs -f ""${REPO_DIR}/pom.xml"" -pl event -am clean test-compile",v3:66303306:maven:event,1,1,1,0,0,PASS,PASS
66303306,https://github.com/bazaarvoice/emodb,8184514eb831eb9f874718741ab701d2d02a638c,66303306:web/src/main/java/com/bazaarvoice/emodb/web/settings/settingsmanager.java,SettingsManager,web/src/main/java/com/bazaarvoice/emodb/web/settings/SettingsManager.java,1,172,1501,11,10,4,18,1.6363636363636365,maven,.,web,web,maven:web,unknown,8,main,2,0ade31143468b6decd47c2da1834856b334346bcab85d320e4560e2bd3af94cf,42,sha256_repo_balanced_v3_1,higher_complexity_half,,,repos/successful/66303306,promoted,151,150,pilot60,class_sampling_manifest_final_seed42.csv,2026-07-23T11:07:03+00:00,per_repo_2class_pilot_complexity_half_then_selection_rank_seed42,37,66303306,SettingsManager,SettingsManager_RBL4Test_92b68acb,repos/66303306/web/src/main/java/com/bazaarvoice/emodb/web/settings/SettingsManager.java,repos/66303306/web/src/test/java/com/bazaarvoice/emodb/web/settings/SettingsManager_RBL4Test_92b68acb.java,web,D:\A_ThucNghiem\compiledrepos\66303306,D:\A_ThucNghiem\compiledrepos\66303306\web\src\main\java\com\bazaarvoice\emodb\web\settings\SettingsManager.java,web/src/test/java/com/bazaarvoice/emodb/web/settings/SettingsManager_RBL4Test_92b68acb.java,com.bazaarvoice.emodb.web.settings,1.8,Maven,"mvn -B -ntp -DskipTests -DskipITs -f ""${REPO_DIR}\pom.xml"" -pl web -am clean test-compile","mvn -B -ntp -DskipTests -DskipITs -f ""${REPO_DIR}/pom.xml"" -pl web -am clean test-compile",v3:66303306:maven:web,1,1,1,0,0,PASS,PASS
6944525,https://github.com/linkedin/rest.li,8173ce2d3eb0a997f0c24df136134486fb4c3cd3,6944525:d2/src/main/java/com/linkedin/d2/balancer/zkfs/zkfsutil.java,ZKFSUtil,d2/src/main/java/com/linkedin/d2/balancer/zkfs/ZKFSUtil.java,2,38,206,6,4,3,9,1.5,gradle,.,d2,d2,gradle:d2,8,8,main,1,0c873c636d36aacc8d6b19092a8bb821735eecbf00dcf7aec3c9841579af10d4,42,sha256_repo_balanced_v3_1,lower_complexity_half,,,repos/successful/6944525,promoted,98,97,pilot60,class_sampling_manifest_final_seed42.csv,2026-07-23T11:07:03+00:00,per_repo_2class_pilot_complexity_half_then_selection_rank_seed42,38,6944525,ZKFSUtil,ZKFSUtil_RBL4Test_ba0e160d,repos/6944525/d2/src/main/java/com/linkedin/d2/balancer/zkfs/ZKFSUtil.java,repos/6944525/d2/src/test/java/com/linkedin/d2/balancer/zkfs/ZKFSUtil_RBL4Test_ba0e160d.java,d2,D:\A_ThucNghiem\compiledrepos\6944525,D:\A_ThucNghiem\compiledrepos\6944525\d2\src\main\java\com\linkedin\d2\balancer\zkfs\ZKFSUtil.java,d2/src/test/java/com/linkedin/d2/balancer/zkfs/ZKFSUtil_RBL4Test_ba0e160d.java,com.linkedin.d2.balancer.zkfs,1.8,Gradle,"""${REPO_DIR}\gradlew.bat"" --no-daemon --console=plain --stacktrace :d2:clean :d2:testClasses -x test","""${REPO_DIR}/gradlew"" --no-daemon --console=plain --stacktrace :d2:clean :d2:testClasses -x test",v3:6944525:gradle:d2,1,1,1,0,0,PASS,PASS
6944525,https://github.com/linkedin/rest.li,8173ce2d3eb0a997f0c24df136134486fb4c3cd3,6944525:d2/src/main/java/com/linkedin/d2/balancer/util/loadbalancerutil.java,LoadBalancerUtil,d2/src/main/java/com/linkedin/d2/balancer/util/LoadBalancerUtil.java,1,169,980,12,14,4,26,2.1666666666666665,gradle,.,d2,d2,gradle:d2,8,8,main,2,0ff67bf4057aa21bb3c144f66f32e99f444b13914578f7f4cfc20adf2fc308f2,42,sha256_repo_balanced_v3_1,higher_complexity_half,,,repos/successful/6944525,promoted,161,160,pilot60,class_sampling_manifest_final_seed42.csv,2026-07-23T11:07:03+00:00,per_repo_2class_pilot_complexity_half_then_selection_rank_seed42,39,6944525,LoadBalancerUtil,LoadBalancerUtil_RBL4Test_fa60eb27,repos/6944525/d2/src/main/java/com/linkedin/d2/balancer/util/LoadBalancerUtil.java,repos/6944525/d2/src/test/java/com/linkedin/d2/balancer/util/LoadBalancerUtil_RBL4Test_fa60eb27.java,d2,D:\A_ThucNghiem\compiledrepos\6944525,D:\A_ThucNghiem\compiledrepos\6944525\d2\src\main\java\com\linkedin\d2\balancer\util\LoadBalancerUtil.java,d2/src/test/java/com/linkedin/d2/balancer/util/LoadBalancerUtil_RBL4Test_fa60eb27.java,com.linkedin.d2.balancer.util,1.8,Gradle,"""${REPO_DIR}\gradlew.bat"" --no-daemon --console=plain --stacktrace :d2:clean :d2:testClasses -x test","""${REPO_DIR}/gradlew"" --no-daemon --console=plain --stacktrace :d2:clean :d2:testClasses -x test",v3:6944525:gradle:d2,1,1,1,0,0,PASS,PASS
74999474,https://github.com/yahoo/parsec-libraries,142bc4c95a8ca7b8c82f7f95d8144cb6d4bc2096,74999474:parsec-clients/src/main/java/com/yahoo/parsec/clients/parsecasynccompletionhandlerbase.java,ParsecAsyncCompletionHandlerBase,parsec-clients/src/main/java/com/yahoo/parsec/clients/ParsecAsyncCompletionHandlerBase.java,1,9,71,1,1,1,1,1.0,gradle,.,parsec-clients,parsec-clients,gradle:parsec-clients,unknown,8,main,3,221e3dd827cb4c67c911266a60cbded3760de432e740498ff7593f3a84f9bc7d,42,sha256_repo_balanced_v3_1,lower_complexity_half,,,repos/successful/74999474,promoted_before_storage_audit,2,1,pilot60,class_sampling_manifest_final_seed42.csv,2026-07-23T11:07:03+00:00,per_repo_2class_pilot_complexity_half_then_selection_rank_seed42,40,74999474,ParsecAsyncCompletionHandlerBase,ParsecAsyncCompletionHandlerBase_RBL4Test_d0018ed9,repos/74999474/parsec-clients/src/main/java/com/yahoo/parsec/clients/ParsecAsyncCompletionHandlerBase.java,repos/74999474/parsec-clients/src/test/java/com/yahoo/parsec/clients/ParsecAsyncCompletionHandlerBase_RBL4Test_d0018ed9.java,parsec-clients,D:\A_ThucNghiem\compiledrepos\74999474,D:\A_ThucNghiem\compiledrepos\74999474\parsec-clients\src\main\java\com\yahoo\parsec\clients\ParsecAsyncCompletionHandlerBase.java,parsec-clients/src/test/java/com/yahoo/parsec/clients/ParsecAsyncCompletionHandlerBase_RBL4Test_d0018ed9.java,com.yahoo.parsec.clients,1.8,Gradle,"""${REPO_DIR}\gradlew.bat"" --no-daemon --console=plain --stacktrace :parsec-clients:clean :parsec-clients:testClasses -x test","""${REPO_DIR}/gradlew"" --no-daemon --console=plain --stacktrace :parsec-clients:clean :parsec-clients:testClasses -x test",v3:74999474:gradle:parsec-clients,1,1,1,0,0,PASS,PASS
74999474,https://github.com/yahoo/parsec-libraries,142bc4c95a8ca7b8c82f7f95d8144cb6d4bc2096,74999474:parsec-clients/src/main/java/com/yahoo/parsec/clients/parsecasynchttpclient.java,ParsecAsyncHttpClient,parsec-clients/src/main/java/com/yahoo/parsec/clients/ParsecAsyncHttpClient.java,36,391,2245,79,70,4,91,1.1518987341772151,gradle,.,parsec-clients,parsec-clients,gradle:parsec-clients,unknown,8,main,1,03ccdc7aeebe841ac319cba63e5ebad94b1c4733d1c7c3761c44062f3af421bc,42,sha256_repo_balanced_v3_1,higher_complexity_half,,,repos/successful/74999474,promoted_before_storage_audit,165,164,pilot60,class_sampling_manifest_final_seed42.csv,2026-07-23T11:07:03+00:00,per_repo_2class_pilot_complexity_half_then_selection_rank_seed42,41,74999474,ParsecAsyncHttpClient,ParsecAsyncHttpClient_RBL4Test_b68a888f,repos/74999474/parsec-clients/src/main/java/com/yahoo/parsec/clients/ParsecAsyncHttpClient.java,repos/74999474/parsec-clients/src/test/java/com/yahoo/parsec/clients/ParsecAsyncHttpClient_RBL4Test_b68a888f.java,parsec-clients,D:\A_ThucNghiem\compiledrepos\74999474,D:\A_ThucNghiem\compiledrepos\74999474\parsec-clients\src\main\java\com\yahoo\parsec\clients\ParsecAsyncHttpClient.java,parsec-clients/src/test/java/com/yahoo/parsec/clients/ParsecAsyncHttpClient_RBL4Test_b68a888f.java,com.yahoo.parsec.clients,1.8,Gradle,"""${REPO_DIR}\gradlew.bat"" --no-daemon --console=plain --stacktrace :parsec-clients:clean :parsec-clients:testClasses -x test","""${REPO_DIR}/gradlew"" --no-daemon --console=plain --stacktrace :parsec-clients:clean :parsec-clients:testClasses -x test",v3:74999474:gradle:parsec-clients,1,1,1,0,0,PASS,PASS
77481567,https://github.com/rbi/trading4j,996e651004193e4facaec393d00d86f93850f8f5,77481567:core/src/main/java/de/voidnode/trading4j/moneymanagement/standard/riskmoneyprovider.java,RiskMoneyProvider,core/src/main/java/de/voidnode/trading4j/moneymanagement/standard/RiskMoneyProvider.java,1,16,127,2,1,3,4,2.0,maven,.,core,core,maven:core,8,8,main,1,00730b0d3e1cfe37bc12d886e3ae947b4d64fdaf0a3eba8352ab3aee38674b11,42,sha256_repo_balanced_v3_1,lower_complexity_half,,,repos/successful/77481567,promoted_before_storage_audit,86,85,pilot60,class_sampling_manifest_final_seed42.csv,2026-07-23T11:07:03+00:00,per_repo_2class_pilot_complexity_half_then_selection_rank_seed42,42,77481567,RiskMoneyProvider,RiskMoneyProvider_RBL4Test_040b3628,repos/77481567/core/src/main/java/de/voidnode/trading4j/moneymanagement/standard/RiskMoneyProvider.java,repos/77481567/core/src/test/java/de/voidnode/trading4j/moneymanagement/standard/RiskMoneyProvider_RBL4Test_040b3628.java,core,D:\A_ThucNghiem\compiledrepos\77481567,D:\A_ThucNghiem\compiledrepos\77481567\core\src\main\java\de\voidnode\trading4j\moneymanagement\standard\RiskMoneyProvider.java,core/src/test/java/de/voidnode/trading4j/moneymanagement/standard/RiskMoneyProvider_RBL4Test_040b3628.java,de.voidnode.trading4j.moneymanagement.standard,1.8,Maven,"mvn -B -ntp -DskipTests -DskipITs -f ""${REPO_DIR}\core\pom.xml"" clean test-compile","mvn -B -ntp -DskipTests -DskipITs -f ""${REPO_DIR}/core/pom.xml"" clean test-compile",v3:77481567:maven:core,1,1,1,0,0,PASS,PASS
77481567,https://github.com/rbi/trading4j,996e651004193e4facaec393d00d86f93850f8f5,77481567:core/src/main/java/de/voidnode/trading4j/api/failed.java,Failed,core/src/main/java/de/voidnode/trading4j/api/Failed.java,1,42,203,5,4,7,12,2.4,maven,.,core,core,maven:core,8,8,main,3,0ddc4110ac2dfe62e92b641408c3a05ae6a0c93a6f245f0a21a3f39683b061b6,42,sha256_repo_balanced_v3_1,higher_complexity_half,,,repos/successful/77481567,promoted_before_storage_audit,218,217,pilot60,class_sampling_manifest_final_seed42.csv,2026-07-23T11:07:03+00:00,per_repo_2class_pilot_complexity_half_then_selection_rank_seed42,43,77481567,Failed,Failed_RBL4Test_3e31fae6,repos/77481567/core/src/main/java/de/voidnode/trading4j/api/Failed.java,repos/77481567/core/src/test/java/de/voidnode/trading4j/api/Failed_RBL4Test_3e31fae6.java,core,D:\A_ThucNghiem\compiledrepos\77481567,D:\A_ThucNghiem\compiledrepos\77481567\core\src\main\java\de\voidnode\trading4j\api\Failed.java,core/src/test/java/de/voidnode/trading4j/api/Failed_RBL4Test_3e31fae6.java,de.voidnode.trading4j.api,1.8,Maven,"mvn -B -ntp -DskipTests -DskipITs -f ""${REPO_DIR}\core\pom.xml"" clean test-compile","mvn -B -ntp -DskipTests -DskipITs -f ""${REPO_DIR}/core/pom.xml"" clean test-compile",v3:77481567:maven:core,1,1,1,0,0,PASS,PASS
78444970,https://github.com/voho/web,837c9c673caac60d2d8de1647e9d3e08acd70d9a,78444970:examples/graph/src/main/java/graph/algorithm/mst/boruvkakruskal.java,BoruvkaKruskal,examples/graph/src/main/java/graph/algorithm/mst/BoruvkaKruskal.java,5,38,334,2,1,4,5,2.5,maven,.,examples/graph,examples/graph,maven:examples/graph,8,8,main,2,20d31813219ba63617d926a7cca4b040ef1016d73b56f72967cc33ccaf47a63d,42,sha256_repo_balanced_v3_1,lower_complexity_half,,,repos/successful/78444970,promoted_before_storage_audit,122,121,pilot60,class_sampling_manifest_final_seed42.csv,2026-07-23T11:07:03+00:00,per_repo_2class_pilot_complexity_half_then_selection_rank_seed42,44,78444970,BoruvkaKruskal,BoruvkaKruskal_RBL4Test_9edb2ce5,repos/78444970/examples/graph/src/main/java/graph/algorithm/mst/BoruvkaKruskal.java,repos/78444970/examples/graph/src/test/java/graph/algorithm/mst/BoruvkaKruskal_RBL4Test_9edb2ce5.java,examples/graph,D:\A_ThucNghiem\compiledrepos\78444970,D:\A_ThucNghiem\compiledrepos\78444970\examples\graph\src\main\java\graph\algorithm\mst\BoruvkaKruskal.java,examples/graph/src/test/java/graph/algorithm/mst/BoruvkaKruskal_RBL4Test_9edb2ce5.java,graph.algorithm.mst,1.8,Maven,"mvn -B -ntp -DskipTests -DskipITs -f ""${REPO_DIR}\examples\graph\pom.xml"" clean test-compile","mvn -B -ntp -DskipTests -DskipITs -f ""${REPO_DIR}/examples/graph/pom.xml"" clean test-compile",v3:78444970:maven:examples/graph,1,1,1,0,0,PASS,PASS
78444970,https://github.com/voho/web,837c9c673caac60d2d8de1647e9d3e08acd70d9a,78444970:examples/random/src/main/java/random/reservoirsamplingmultipleitems.java,ReservoirSamplingMultipleItems,examples/random/src/main/java/random/ReservoirSamplingMultipleItems.java,1,27,202,1,1,5,5,5.0,maven,.,examples/random,examples/random,maven:examples/random,8,8,main,1,07ff1dafb328a0e2d2abe792e969553ba131a848dfdf3122aeab204fb728cd26,42,sha256_repo_balanced_v3_1,higher_complexity_half,,,repos/successful/78444970,promoted_before_storage_audit,167,166,pilot60,class_sampling_manifest_final_seed42.csv,2026-07-23T11:07:03+00:00,per_repo_2class_pilot_complexity_half_then_selection_rank_seed42,45,78444970,ReservoirSamplingMultipleItems,ReservoirSamplingMultipleItems_RBL4Test_01a0a377,repos/78444970/examples/random/src/main/java/random/ReservoirSamplingMultipleItems.java,repos/78444970/examples/random/src/test/java/random/ReservoirSamplingMultipleItems_RBL4Test_01a0a377.java,examples/random,D:\A_ThucNghiem\compiledrepos\78444970,D:\A_ThucNghiem\compiledrepos\78444970\examples\random\src\main\java\random\ReservoirSamplingMultipleItems.java,examples/random/src/test/java/random/ReservoirSamplingMultipleItems_RBL4Test_01a0a377.java,random,1.8,Maven,"mvn -B -ntp -DskipTests -DskipITs -f ""${REPO_DIR}\examples\random\pom.xml"" clean test-compile","mvn -B -ntp -DskipTests -DskipITs -f ""${REPO_DIR}/examples/random/pom.xml"" clean test-compile",v3:78444970:maven:examples/random,1,1,1,0,0,PASS,PASS
81384608,https://github.com/Teradata/kylo,0ca8cf21e6020ea1fbca51d5da7eead5b2c4827c,81384608:integrations/spark/spark-catalog/spark-catalog-core/src/main/java/com/thinkbiganalytics/kylo/catalog/spark/sources/spark/flaggingvisitor.java,FlaggingVisitor,integrations/spark/spark-catalog/spark-catalog-core/src/main/java/com/thinkbiganalytics/kylo/catalog/spark/sources/spark/FlaggingVisitor.java,1,20,139,2,1,1,2,1.0,maven,.,integrations/spark/spark-catalog/spark-catalog-core,integrations/spark/spark-catalog/spark-catalog-core,maven:integrations/spark/spark-catalog/spark-catalog-core,8,8,main,3,28cd0fddabf5f0e0e7b0d2868fccbc2623b95a34184536a5f784a0e629edccd4,42,sha256_repo_balanced_v3_1,lower_complexity_half,,,repos/successful/81384608,promoted_before_storage_audit,12,11,pilot60,class_sampling_manifest_final_seed42.csv,2026-07-23T11:07:03+00:00,per_repo_2class_pilot_complexity_half_then_selection_rank_seed42,46,81384608,FlaggingVisitor,FlaggingVisitor_RBL4Test_80a61f46,repos/81384608/integrations/spark/spark-catalog/spark-catalog-core/src/main/java/com/thinkbiganalytics/kylo/catalog/spark/sources/spark/FlaggingVisitor.java,repos/81384608/integrations/spark/spark-catalog/spark-catalog-core/src/test/java/com/thinkbiganalytics/kylo/catalog/spark/sources/spark/FlaggingVisitor_RBL4Test_80a61f46.java,integrations/spark/spark-catalog/spark-catalog-core,D:\A_ThucNghiem\compiledrepos\81384608,D:\A_ThucNghiem\compiledrepos\81384608\integrations\spark\spark-catalog\spark-catalog-core\src\main\java\com\thinkbiganalytics\kylo\catalog\spark\sources\spark\FlaggingVisitor.java,integrations/spark/spark-catalog/spark-catalog-core/src/test/java/com/thinkbiganalytics/kylo/catalog/spark/sources/spark/FlaggingVisitor_RBL4Test_80a61f46.java,com.thinkbiganalytics.kylo.catalog.spark.sources.spark,1.8,Maven,"mvn -B -ntp -DskipTests -DskipITs -f ""${REPO_DIR}\pom.xml"" -pl integrations/spark/spark-catalog/spark-catalog-core -am clean test-compile","mvn -B -ntp -DskipTests -DskipITs -f ""${REPO_DIR}/pom.xml"" -pl integrations/spark/spark-catalog/spark-catalog-core -am clean test-compile",v3:81384608:maven:integrations/spark/spark-catalog/spark-catalog-core,1,1,1,0,0,PASS,PASS
81384608,https://github.com/Teradata/kylo,0ca8cf21e6020ea1fbca51d5da7eead5b2c4827c,81384608:integrations/spark/spark-catalog/spark-catalog-core/src/main/java/com/thinkbiganalytics/kylo/catalog/spark/sources/abstractjdbcdatasetprovider.java,AbstractJdbcDataSetProvider,integrations/spark/spark-catalog/spark-catalog-core/src/main/java/com/thinkbiganalytics/kylo/catalog/spark/sources/AbstractJdbcDataSetProvider.java,9,211,1966,11,6,11,42,3.8181818181818183,maven,.,integrations/spark/spark-catalog/spark-catalog-core,integrations/spark/spark-catalog/spark-catalog-core,maven:integrations/spark/spark-catalog/spark-catalog-core,8,8,main,1,0f9a259314496eef10f03c5b8ef12935d77bc1371814cd17235c4ff828f5cab4,42,sha256_repo_balanced_v3_1,higher_complexity_half,,,repos/successful/81384608,promoted_before_storage_audit,266,265,pilot60,class_sampling_manifest_final_seed42.csv,2026-07-23T11:07:03+00:00,per_repo_2class_pilot_complexity_half_then_selection_rank_seed42,47,81384608,AbstractJdbcDataSetProvider,AbstractJdbcDataSetProvider_RBL4Test_afd5506e,repos/81384608/integrations/spark/spark-catalog/spark-catalog-core/src/main/java/com/thinkbiganalytics/kylo/catalog/spark/sources/AbstractJdbcDataSetProvider.java,repos/81384608/integrations/spark/spark-catalog/spark-catalog-core/src/test/java/com/thinkbiganalytics/kylo/catalog/spark/sources/AbstractJdbcDataSetProvider_RBL4Test_afd5506e.java,integrations/spark/spark-catalog/spark-catalog-core,D:\A_ThucNghiem\compiledrepos\81384608,D:\A_ThucNghiem\compiledrepos\81384608\integrations\spark\spark-catalog\spark-catalog-core\src\main\java\com\thinkbiganalytics\kylo\catalog\spark\sources\AbstractJdbcDataSetProvider.java,integrations/spark/spark-catalog/spark-catalog-core/src/test/java/com/thinkbiganalytics/kylo/catalog/spark/sources/AbstractJdbcDataSetProvider_RBL4Test_afd5506e.java,com.thinkbiganalytics.kylo.catalog.spark.sources,1.8,Maven,"mvn -B -ntp -DskipTests -DskipITs -f ""${REPO_DIR}\pom.xml"" -pl integrations/spark/spark-catalog/spark-catalog-core -am clean test-compile","mvn -B -ntp -DskipTests -DskipITs -f ""${REPO_DIR}/pom.xml"" -pl integrations/spark/spark-catalog/spark-catalog-core -am clean test-compile",v3:81384608:maven:integrations/spark/spark-catalog/spark-catalog-core,1,1,1,0,0,PASS,PASS
85795396,https://github.com/apache/calcite-avatica,b8bc167268d0900087a24eecd150e8911a6225c0,85795396:metrics-dropwizardmetrics/src/main/java/org/apache/calcite/avatica/metrics/dropwizard/dropwizardmetricssystemfactory.java,DropwizardMetricsSystemFactory,metrics-dropwizardmetrics/src/main/java/org/apache/calcite/avatica/metrics/dropwizard/DropwizardMetricsSystemFactory.java,3,15,120,1,1,3,3,3.0,gradle,.,metrics-dropwizardmetrics,metrics-dropwizardmetrics,gradle:metrics-dropwizardmetrics,8,8,main,1,02dd3b3f1243a77f5cd54502b27034ff520b4b1674da9cb7e87adb262e259f4b,42,sha256_repo_balanced_v3_1,lower_complexity_half,,,repos/successful/85795396,promoted_before_storage_audit,81,80,pilot60,class_sampling_manifest_final_seed42.csv,2026-07-23T11:07:03+00:00,per_repo_2class_pilot_complexity_half_then_selection_rank_seed42,48,85795396,DropwizardMetricsSystemFactory,DropwizardMetricsSystemFactory_RBL4Test_33421196,repos/85795396/metrics-dropwizardmetrics/src/main/java/org/apache/calcite/avatica/metrics/dropwizard/DropwizardMetricsSystemFactory.java,repos/85795396/metrics-dropwizardmetrics/src/test/java/org/apache/calcite/avatica/metrics/dropwizard/DropwizardMetricsSystemFactory_RBL4Test_33421196.java,metrics-dropwizardmetrics,D:\A_ThucNghiem\compiledrepos\85795396,D:\A_ThucNghiem\compiledrepos\85795396\metrics-dropwizardmetrics\src\main\java\org\apache\calcite\avatica\metrics\dropwizard\DropwizardMetricsSystemFactory.java,metrics-dropwizardmetrics/src/test/java/org/apache/calcite/avatica/metrics/dropwizard/DropwizardMetricsSystemFactory_RBL4Test_33421196.java,org.apache.calcite.avatica.metrics.dropwizard,1.8,Gradle,"""${REPO_DIR}\gradlew.bat"" --no-daemon --console=plain --stacktrace :metrics-dropwizardmetrics:clean :metrics-dropwizardmetrics:testClasses -x test","""${REPO_DIR}/gradlew"" --no-daemon --console=plain --stacktrace :metrics-dropwizardmetrics:clean :metrics-dropwizardmetrics:testClasses -x test",v3:85795396:gradle:metrics-dropwizardmetrics,1,1,1,0,0,PASS,PASS
85795396,https://github.com/apache/calcite-avatica,b8bc167268d0900087a24eecd150e8911a6225c0,85795396:core/src/main/java/org/apache/calcite/avatica/connectionconfigimpl.java,ConnectionConfigImpl,core/src/main/java/org/apache/calcite/avatica/ConnectionConfigImpl.java,1,323,2298,56,54,5,79,1.4107142857142858,gradle,.,core,core,gradle:core,8,8,main,2,03fe58af2a96df37bbace31af20eb55bd0ae6bad1291aff92836dbf313081849,42,sha256_repo_balanced_v3_1,higher_complexity_half,,,repos/successful/85795396,promoted_before_storage_audit,194,193,pilot60,class_sampling_manifest_final_seed42.csv,2026-07-23T11:07:03+00:00,per_repo_2class_pilot_complexity_half_then_selection_rank_seed42,49,85795396,ConnectionConfigImpl,ConnectionConfigImpl_RBL4Test_625c2e75,repos/85795396/core/src/main/java/org/apache/calcite/avatica/ConnectionConfigImpl.java,repos/85795396/core/src/test/java/org/apache/calcite/avatica/ConnectionConfigImpl_RBL4Test_625c2e75.java,core,D:\A_ThucNghiem\compiledrepos\85795396,D:\A_ThucNghiem\compiledrepos\85795396\core\src\main\java\org\apache\calcite\avatica\ConnectionConfigImpl.java,core/src/test/java/org/apache/calcite/avatica/ConnectionConfigImpl_RBL4Test_625c2e75.java,org.apache.calcite.avatica,1.8,Gradle,"""${REPO_DIR}\gradlew.bat"" --no-daemon --console=plain --stacktrace :core:clean :core:testClasses -x test","""${REPO_DIR}/gradlew"" --no-daemon --console=plain --stacktrace :core:clean :core:testClasses -x test",v3:85795396:gradle:core,1,1,1,0,0,PASS,PASS
95247959,https://github.com/aws/aws-sdk-java-v2,999ce2f6564ba6615a4b428c26fc1116cf85fbdf,95247959:http-clients/netty-nio-client/src/main/java/software/amazon/awssdk/http/nio/netty/internal/http2/http2goawayeventlistener.java,Http2GoAwayEventListener,http-clients/netty-nio-client/src/main/java/software/amazon/awssdk/http/nio/netty/internal/http2/Http2GoAwayEventListener.java,2,30,265,2,1,2,3,1.5,maven,.,http-clients/netty-nio-client,http-clients/netty-nio-client,maven:http-clients/netty-nio-client,8,8,main,2,1732af12f29ebb35c3d22b059b804b75db143f511bc0b70b825013839a694b9e,42,sha256_repo_balanced_v3_1,lower_complexity_half,,,repos/successful/95247959,promoted_before_storage_audit,44,43,pilot60,class_sampling_manifest_final_seed42.csv,2026-07-23T11:07:03+00:00,per_repo_2class_pilot_complexity_half_then_selection_rank_seed42,50,95247959,Http2GoAwayEventListener,Http2GoAwayEventListener_RBL4Test_729d1168,repos/95247959/http-clients/netty-nio-client/src/main/java/software/amazon/awssdk/http/nio/netty/internal/http2/Http2GoAwayEventListener.java,repos/95247959/http-clients/netty-nio-client/src/test/java/software/amazon/awssdk/http/nio/netty/internal/http2/Http2GoAwayEventListener_RBL4Test_729d1168.java,http-clients/netty-nio-client,D:\A_ThucNghiem\compiledrepos\95247959,D:\A_ThucNghiem\compiledrepos\95247959\http-clients\netty-nio-client\src\main\java\software\amazon\awssdk\http\nio\netty\internal\http2\Http2GoAwayEventListener.java,http-clients/netty-nio-client/src/test/java/software/amazon/awssdk/http/nio/netty/internal/http2/Http2GoAwayEventListener_RBL4Test_729d1168.java,software.amazon.awssdk.http.nio.netty.internal.http2,1.8,Maven,"""${REPO_DIR}\mvnw.cmd"" -B -ntp -DskipTests -DskipITs -f ""${REPO_DIR}\pom.xml"" -pl http-clients/netty-nio-client -am clean test-compile","""${REPO_DIR}/mvnw"" -B -ntp -DskipTests -DskipITs -f ""${REPO_DIR}/pom.xml"" -pl http-clients/netty-nio-client -am clean test-compile",v3:95247959:maven:http-clients/netty-nio-client,1,1,1,0,0,PASS,PASS
95247959,https://github.com/aws/aws-sdk-java-v2,999ce2f6564ba6615a4b428c26fc1116cf85fbdf,95247959:http-clients/netty-nio-client/src/main/java/software/amazon/awssdk/http/nio/netty/internal/http2/httporhttp2channelpool.java,HttpOrHttp2ChannelPool,http-clients/netty-nio-client/src/main/java/software/amazon/awssdk/http/nio/netty/internal/http2/HttpOrHttp2ChannelPool.java,2,201,1344,15,6,5,32,2.1333333333333333,maven,.,http-clients/netty-nio-client,http-clients/netty-nio-client,maven:http-clients/netty-nio-client,8,8,main,1,10657c9340c643de10743bde555262b98116a573f67db28422d238e42e645293,42,sha256_repo_balanced_v3_1,higher_complexity_half,,,repos/successful/95247959,promoted_before_storage_audit,191,190,pilot60,class_sampling_manifest_final_seed42.csv,2026-07-23T11:07:03+00:00,per_repo_2class_pilot_complexity_half_then_selection_rank_seed42,51,95247959,HttpOrHttp2ChannelPool,HttpOrHttp2ChannelPool_RBL4Test_7d118b37,repos/95247959/http-clients/netty-nio-client/src/main/java/software/amazon/awssdk/http/nio/netty/internal/http2/HttpOrHttp2ChannelPool.java,repos/95247959/http-clients/netty-nio-client/src/test/java/software/amazon/awssdk/http/nio/netty/internal/http2/HttpOrHttp2ChannelPool_RBL4Test_7d118b37.java,http-clients/netty-nio-client,D:\A_ThucNghiem\compiledrepos\95247959,D:\A_ThucNghiem\compiledrepos\95247959\http-clients\netty-nio-client\src\main\java\software\amazon\awssdk\http\nio\netty\internal\http2\HttpOrHttp2ChannelPool.java,http-clients/netty-nio-client/src/test/java/software/amazon/awssdk/http/nio/netty/internal/http2/HttpOrHttp2ChannelPool_RBL4Test_7d118b37.java,software.amazon.awssdk.http.nio.netty.internal.http2,1.8,Maven,"""${REPO_DIR}\mvnw.cmd"" -B -ntp -DskipTests -DskipITs -f ""${REPO_DIR}\pom.xml"" -pl http-clients/netty-nio-client -am clean test-compile","""${REPO_DIR}/mvnw"" -B -ntp -DskipTests -DskipITs -f ""${REPO_DIR}/pom.xml"" -pl http-clients/netty-nio-client -am clean test-compile",v3:95247959:maven:http-clients/netty-nio-client,1,1,1,0,0,PASS,PASS
9619226,https://github.com/3pillarlabs/spring-data-simpledb,f1e0eb4e48ec4674d3966e8f5bc04c95031f93ae,9619226:spring-data-simpledb-impl/src/main/java/org/springframework/data/simpledb/query/simpledbqueryrunner.java,SimpleDbQueryRunner,spring-data-simpledb-impl/src/main/java/org/springframework/data/simpledb/query/SimpleDbQueryRunner.java,4,52,370,9,6,2,10,1.1111111111111112,maven,.,spring-data-simpledb-impl,spring-data-simpledb-impl,maven:spring-data-simpledb-impl,6,8,main,1,0ce2720d8215941b002c47f21e2846a7e7756054be30eb417a8b1c2766cf32a5,42,sha256_repo_balanced_v3_1,lower_complexity_half,,,repos/successful/9619226,promoted_before_storage_audit,71,70,pilot60,class_sampling_manifest_final_seed42.csv,2026-07-23T11:07:03+00:00,per_repo_2class_pilot_complexity_half_then_selection_rank_seed42,52,9619226,SimpleDbQueryRunner,SimpleDbQueryRunner_RBL4Test_6778b5de,repos/9619226/spring-data-simpledb-impl/src/main/java/org/springframework/data/simpledb/query/SimpleDbQueryRunner.java,repos/9619226/spring-data-simpledb-impl/src/test/java/org/springframework/data/simpledb/query/SimpleDbQueryRunner_RBL4Test_6778b5de.java,spring-data-simpledb-impl,D:\A_ThucNghiem\compiledrepos\9619226,D:\A_ThucNghiem\compiledrepos\9619226\spring-data-simpledb-impl\src\main\java\org\springframework\data\simpledb\query\SimpleDbQueryRunner.java,spring-data-simpledb-impl/src/test/java/org/springframework/data/simpledb/query/SimpleDbQueryRunner_RBL4Test_6778b5de.java,org.springframework.data.simpledb.query,1.6,Maven,"mvn -B -ntp -DskipTests -DskipITs -f ""${REPO_DIR}\spring-data-simpledb-impl\pom.xml"" clean test-compile","mvn -B -ntp -DskipTests -DskipITs -f ""${REPO_DIR}/spring-data-simpledb-impl/pom.xml"" clean test-compile",v3:9619226:maven:spring-data-simpledb-impl,1,1,1,0,0,PASS,PASS
9619226,https://github.com/3pillarlabs/spring-data-simpledb,f1e0eb4e48ec4674d3966e8f5bc04c95031f93ae,9619226:spring-data-simpledb-impl/src/main/java/org/springframework/data/simpledb/attributeutil/simpledbattributevaluesplitter.java,SimpleDbAttributeValueSplitter,spring-data-simpledb-impl/src/main/java/org/springframework/data/simpledb/attributeutil/SimpleDbAttributeValueSplitter.java,2,68,671,4,2,5,13,3.25,maven,.,spring-data-simpledb-impl,spring-data-simpledb-impl,maven:spring-data-simpledb-impl,6,8,main,4,5155548895b0c0ee04dc8066d6ec8676a55be3b15a3e794dc9f345a4f2f6f017,42,sha256_repo_balanced_v3_1,higher_complexity_half,,,repos/successful/9619226,promoted_before_storage_audit,185,184,pilot60,class_sampling_manifest_final_seed42.csv,2026-07-23T11:07:03+00:00,per_repo_2class_pilot_complexity_half_then_selection_rank_seed42,53,9619226,SimpleDbAttributeValueSplitter,SimpleDbAttributeValueSplitter_RBL4Test_6248ee60,repos/9619226/spring-data-simpledb-impl/src/main/java/org/springframework/data/simpledb/attributeutil/SimpleDbAttributeValueSplitter.java,repos/9619226/spring-data-simpledb-impl/src/test/java/org/springframework/data/simpledb/attributeutil/SimpleDbAttributeValueSplitter_RBL4Test_6248ee60.java,spring-data-simpledb-impl,D:\A_ThucNghiem\compiledrepos\9619226,D:\A_ThucNghiem\compiledrepos\9619226\spring-data-simpledb-impl\src\main\java\org\springframework\data\simpledb\attributeutil\SimpleDbAttributeValueSplitter.java,spring-data-simpledb-impl/src/test/java/org/springframework/data/simpledb/attributeutil/SimpleDbAttributeValueSplitter_RBL4Test_6248ee60.java,org.springframework.data.simpledb.attributeutil,1.6,Maven,"mvn -B -ntp -DskipTests -DskipITs -f ""${REPO_DIR}\spring-data-simpledb-impl\pom.xml"" clean test-compile","mvn -B -ntp -DskipTests -DskipITs -f ""${REPO_DIR}/spring-data-simpledb-impl/pom.xml"" clean test-compile",v3:9619226:maven:spring-data-simpledb-impl,1,1,1,0,0,PASS,PASS
97822421,https://github.com/pchudzik/springmock,f08a0a13c1dea1ceb35f462ccaaf51e738f64ef8,97822421:infrastructure/src/main/java/com/pchudzik/springmock/infrastructure/spring/doubledefinitionsregistrationcontext.java,DoubleDefinitionsRegistrationContext,infrastructure/src/main/java/com/pchudzik/springmock/infrastructure/spring/DoubleDefinitionsRegistrationContext.java,2,62,481,7,5,3,10,1.4285714285714286,maven,.,infrastructure,infrastructure,maven:infrastructure,8,8,main,1,355c455c18a5b2c87a76681742e183b82a86fae23497241779fe751fdc3de136,42,sha256_repo_balanced_v3_1,lower_complexity_half,,,repos/successful/97822421,promoted_before_storage_audit,102,101,pilot60,class_sampling_manifest_final_seed42.csv,2026-07-23T11:07:03+00:00,per_repo_2class_pilot_complexity_half_then_selection_rank_seed42,54,97822421,DoubleDefinitionsRegistrationContext,DoubleDefinitionsRegistrationContext_RBL4Test_a7437094,repos/97822421/infrastructure/src/main/java/com/pchudzik/springmock/infrastructure/spring/DoubleDefinitionsRegistrationContext.java,repos/97822421/infrastructure/src/test/java/com/pchudzik/springmock/infrastructure/spring/DoubleDefinitionsRegistrationContext_RBL4Test_a7437094.java,infrastructure,D:\A_ThucNghiem\compiledrepos\97822421,D:\A_ThucNghiem\compiledrepos\97822421\infrastructure\src\main\java\com\pchudzik\springmock\infrastructure\spring\DoubleDefinitionsRegistrationContext.java,infrastructure/src/test/java/com/pchudzik/springmock/infrastructure/spring/DoubleDefinitionsRegistrationContext_RBL4Test_a7437094.java,com.pchudzik.springmock.infrastructure.spring,1.8,Maven,"mvn -B -ntp -DskipTests -DskipITs -f ""${REPO_DIR}\infrastructure\pom.xml"" clean test-compile","mvn -B -ntp -DskipTests -DskipITs -f ""${REPO_DIR}/infrastructure/pom.xml"" clean test-compile",v3:97822421:maven:infrastructure,1,1,1,0,0,PASS,PASS
97822421,https://github.com/pchudzik/springmock,f08a0a13c1dea1ceb35f462ccaaf51e738f64ef8,97822421:infrastructure/src/main/java/com/pchudzik/springmock/infrastructure/spring/tospyreplacingprocessor.java,ToSpyReplacingProcessor,infrastructure/src/main/java/com/pchudzik/springmock/infrastructure/spring/ToSpyReplacingProcessor.java,3,73,597,6,1,6,15,2.5,maven,.,infrastructure,infrastructure,maven:infrastructure,8,8,main,10,be60c53d059fa54dadbb74e3a3457b4aa10c14ba279aa7406d216dd1e873f329,42,sha256_repo_balanced_v3_1,higher_complexity_half,,,repos/successful/97822421,promoted_before_storage_audit,196,195,pilot60,class_sampling_manifest_final_seed42.csv,2026-07-23T11:07:03+00:00,per_repo_2class_pilot_complexity_half_then_selection_rank_seed42,55,97822421,ToSpyReplacingProcessor,ToSpyReplacingProcessor_RBL4Test_252c76a1,repos/97822421/infrastructure/src/main/java/com/pchudzik/springmock/infrastructure/spring/ToSpyReplacingProcessor.java,repos/97822421/infrastructure/src/test/java/com/pchudzik/springmock/infrastructure/spring/ToSpyReplacingProcessor_RBL4Test_252c76a1.java,infrastructure,D:\A_ThucNghiem\compiledrepos\97822421,D:\A_ThucNghiem\compiledrepos\97822421\infrastructure\src\main\java\com\pchudzik\springmock\infrastructure\spring\ToSpyReplacingProcessor.java,infrastructure/src/test/java/com/pchudzik/springmock/infrastructure/spring/ToSpyReplacingProcessor_RBL4Test_252c76a1.java,com.pchudzik.springmock.infrastructure.spring,1.8,Maven,"mvn -B -ntp -DskipTests -DskipITs -f ""${REPO_DIR}\infrastructure\pom.xml"" clean test-compile","mvn -B -ntp -DskipTests -DskipITs -f ""${REPO_DIR}/infrastructure/pom.xml"" clean test-compile",v3:97822421:maven:infrastructure,1,1,1,0,0,PASS,PASS
98410891,https://github.com/Nexmo/comms-router,4e5656db54be4b22481fe3774c2caeba51bac190,98410891:core/src/main/java/com/softavail/commsrouter/eval/jevalevaluator.java,JEvalEvaluator,core/src/main/java/com/softavail/commsrouter/eval/JEvalEvaluator.java,1,44,279,5,3,3,7,1.4,maven,.,core,core,maven:core,8,8,main,1,030fac0f81c77c7471c9bf56d0de24a7d7e278877bc90b84bea96f19cdc2bebe,42,sha256_repo_balanced_v3_1,lower_complexity_half,,,repos/successful/98410891,promoted_before_storage_audit,92,91,pilot60,class_sampling_manifest_final_seed42.csv,2026-07-23T11:07:03+00:00,per_repo_2class_pilot_complexity_half_then_selection_rank_seed42,56,98410891,JEvalEvaluator,JEvalEvaluator_RBL4Test_306ef4d3,repos/98410891/core/src/main/java/com/softavail/commsrouter/eval/JEvalEvaluator.java,repos/98410891/core/src/test/java/com/softavail/commsrouter/eval/JEvalEvaluator_RBL4Test_306ef4d3.java,core,D:\A_ThucNghiem\compiledrepos\98410891,D:\A_ThucNghiem\compiledrepos\98410891\core\src\main\java\com\softavail\commsrouter\eval\JEvalEvaluator.java,core/src/test/java/com/softavail/commsrouter/eval/JEvalEvaluator_RBL4Test_306ef4d3.java,com.softavail.commsrouter.eval,1.8,Maven,"mvn -B -ntp -DskipTests -DskipITs -f ""${REPO_DIR}\pom.xml"" -pl core -am clean test-compile","mvn -B -ntp -DskipTests -DskipITs -f ""${REPO_DIR}/pom.xml"" -pl core -am clean test-compile",v3:98410891:maven:core,1,1,1,0,0,PASS,PASS
98410891,https://github.com/Nexmo/comms-router,4e5656db54be4b22481fe3774c2caeba51bac190,98410891:core-interface/src/main/java/com/softavail/commsrouter/api/dto/model/skill/numberinterval.java,NumberInterval,core-interface/src/main/java/com/softavail/commsrouter/api/dto/model/skill/NumberInterval.java,16,105,704,15,11,17,50,3.3333333333333335,maven,.,core-interface,core-interface,maven:core-interface,8,8,main,7,4714336105e9b6e834b5568a1a48e63367bdc7c5d4c084768a0cc8a30c29e3d9,42,sha256_repo_balanced_v3_1,higher_complexity_half,,,repos/successful/98410891,promoted_before_storage_audit,290,289,pilot60,class_sampling_manifest_final_seed42.csv,2026-07-23T11:07:03+00:00,per_repo_2class_pilot_complexity_half_then_selection_rank_seed42,57,98410891,NumberInterval,NumberInterval_RBL4Test_e3efc426,repos/98410891/core-interface/src/main/java/com/softavail/commsrouter/api/dto/model/skill/NumberInterval.java,repos/98410891/core-interface/src/test/java/com/softavail/commsrouter/api/dto/model/skill/NumberInterval_RBL4Test_e3efc426.java,core-interface,D:\A_ThucNghiem\compiledrepos\98410891,D:\A_ThucNghiem\compiledrepos\98410891\core-interface\src\main\java\com\softavail\commsrouter\api\dto\model\skill\NumberInterval.java,core-interface/src/test/java/com/softavail/commsrouter/api/dto/model/skill/NumberInterval_RBL4Test_e3efc426.java,com.softavail.commsrouter.api.dto.model.skill,1.8,Maven,"mvn -B -ntp -DskipTests -DskipITs -f ""${REPO_DIR}\pom.xml"" -pl core-interface -am clean test-compile","mvn -B -ntp -DskipTests -DskipITs -f ""${REPO_DIR}/pom.xml"" -pl core-interface -am clean test-compile",v3:98410891:maven:core-interface,1,1,1,0,0,PASS,PASS
9884445,https://github.com/minnal/minnal,50989185555e0d8969319bb20ae8e596db4ff545,9884445:minnal-jaxrs/minnal-instrumentation-jaxrs/src/main/java/org/minnal/instrument/entity/metadata/handler/secureannotationhandler.java,SecureAnnotationHandler,minnal-jaxrs/minnal-instrumentation-jaxrs/src/main/java/org/minnal/instrument/entity/metadata/handler/SecureAnnotationHandler.java,1,17,167,2,1,1,2,1.0,maven,.,minnal-jaxrs/minnal-instrumentation-jaxrs,minnal-jaxrs/minnal-instrumentation-jaxrs,maven:minnal-jaxrs/minnal-instrumentation-jaxrs,7,8,main,1,07b4ed1573eb0e45794c1ba5239b2ba98d086af93cf0afd452071b9cb93692f9,42,sha256_repo_balanced_v3_1,lower_complexity_half,,,repos/successful/9884445,promoted_before_storage_audit,8,7,pilot60,class_sampling_manifest_final_seed42.csv,2026-07-23T11:07:03+00:00,per_repo_2class_pilot_complexity_half_then_selection_rank_seed42,58,9884445,SecureAnnotationHandler,SecureAnnotationHandler_RBL4Test_cedbf5e7,repos/9884445/minnal-jaxrs/minnal-instrumentation-jaxrs/src/main/java/org/minnal/instrument/entity/metadata/handler/SecureAnnotationHandler.java,repos/9884445/minnal-jaxrs/minnal-instrumentation-jaxrs/src/test/java/org/minnal/instrument/entity/metadata/handler/SecureAnnotationHandler_RBL4Test_cedbf5e7.java,minnal-jaxrs/minnal-instrumentation-jaxrs,D:\A_ThucNghiem\compiledrepos\9884445,D:\A_ThucNghiem\compiledrepos\9884445\minnal-jaxrs\minnal-instrumentation-jaxrs\src\main\java\org\minnal\instrument\entity\metadata\handler\SecureAnnotationHandler.java,minnal-jaxrs/minnal-instrumentation-jaxrs/src/test/java/org/minnal/instrument/entity/metadata/handler/SecureAnnotationHandler_RBL4Test_cedbf5e7.java,org.minnal.instrument.entity.metadata.handler,1.7,Maven,"mvn -B -ntp -DskipTests -DskipITs -f ""${REPO_DIR}\pom.xml"" -pl minnal-jaxrs/minnal-instrumentation-jaxrs -am clean test-compile","mvn -B -ntp -DskipTests -DskipITs -f ""${REPO_DIR}/pom.xml"" -pl minnal-jaxrs/minnal-instrumentation-jaxrs -am clean test-compile",v3:9884445:maven:minnal-jaxrs/minnal-instrumentation-jaxrs,1,1,1,0,0,PASS,PASS
9884445,https://github.com/minnal/minnal,50989185555e0d8969319bb20ae8e596db4ff545,9884445:minnal-jaxrs/minnal-instrumentation-jaxrs/src/main/java/org/minnal/instrument/entity/entitynode.java,EntityNode,minnal-jaxrs/minnal-instrumentation-jaxrs/src/main/java/org/minnal/instrument/entity/EntityNode.java,4,275,1996,31,18,8,65,2.096774193548387,maven,.,minnal-jaxrs/minnal-instrumentation-jaxrs,minnal-jaxrs/minnal-instrumentation-jaxrs,maven:minnal-jaxrs/minnal-instrumentation-jaxrs,7,8,main,2,195a16360c2086dd955247031e9645aafb9e5dc510722598975ad866a4058bd6,42,sha256_repo_balanced_v3_1,higher_complexity_half,,,repos/successful/9884445,promoted_before_storage_audit,246,245,pilot60,class_sampling_manifest_final_seed42.csv,2026-07-23T11:07:03+00:00,per_repo_2class_pilot_complexity_half_then_selection_rank_seed42,59,9884445,EntityNode,EntityNode_RBL4Test_58c2959b,repos/9884445/minnal-jaxrs/minnal-instrumentation-jaxrs/src/main/java/org/minnal/instrument/entity/EntityNode.java,repos/9884445/minnal-jaxrs/minnal-instrumentation-jaxrs/src/test/java/org/minnal/instrument/entity/EntityNode_RBL4Test_58c2959b.java,minnal-jaxrs/minnal-instrumentation-jaxrs,D:\A_ThucNghiem\compiledrepos\9884445,D:\A_ThucNghiem\compiledrepos\9884445\minnal-jaxrs\minnal-instrumentation-jaxrs\src\main\java\org\minnal\instrument\entity\EntityNode.java,minnal-jaxrs/minnal-instrumentation-jaxrs/src/test/java/org/minnal/instrument/entity/EntityNode_RBL4Test_58c2959b.java,org.minnal.instrument.entity,1.7,Maven,"mvn -B -ntp -DskipTests -DskipITs -f ""${REPO_DIR}\pom.xml"" -pl minnal-jaxrs/minnal-instrumentation-jaxrs -am clean test-compile","mvn -B -ntp -DskipTests -DskipITs -f ""${REPO_DIR}/pom.xml"" -pl minnal-jaxrs/minnal-instrumentation-jaxrs -am clean test-compile",v3:9884445:maven:minnal-jaxrs/minnal-instrumentation-jaxrs,1,1,1,0,0,PASS,PASS
