timestamp_utc,phase,project,module,arm,focal_class,test_class,status,duration_sec,detail
2026-07-17T00:53:36+00:00,baseline_build,58767125,ch.obermuhlner.math.big,,DefaultBigDecimalMath,,START,,Checking clean project/module build before generation (Gradle)
2026-07-17T00:53:37+00:00,baseline_build,58767125,__local_gradle_repair__,,,,START,,Applying local Gradle repair patches
2026-07-17T00:53:37+00:00,baseline_build,58767125,__local_gradle_repair__,,,,PASS,0.001,Local Gradle repair applied: build.gradle
2026-07-17T00:53:48+00:00,baseline_build,58767125,ch.obermuhlner.math.big,,DefaultBigDecimalMath,,FAIL,11.786,"Starting a Gradle Daemon, 1 incompatible Daemon could not be reused, use --status for details


FAILURE: Build failed with an exception.

* What went wrong:
A problem occurred configuring root project '58767125'.
> Could not resolve all artifacts for configuration ':classpath'.
   > Could not find org.jetbrains.dokka:integration:0.9.15.
     Searched in the following locations:
       - https://repo.maven.apache.org/maven2/org/jetbrains/dokka/integration/0.9.15/integration-0.9.15.pom
       - https://repo.maven.apache.org/maven2/org/jetbrains/dokka/integration/0.9.15/integration-0.9.15.jar
       - https://jcenter.bintray.com/org/jetbrains/dokka/integration/0.9.15/integration-0.9.15.pom
       - https://jcenter.bintray.com/org/jetbrains/dokka/integration/0.9.15/integration-0.9.15.jar
       - https://plugins.gradle.org/m2/org/jetbrains/dokka/integration/0.9.15/integration-0.9.15.pom
       - https://plugins.gradle.org/m2/org/jetbrains/dokka/integration/0.9.15/integration-0.9.15.jar
   "
2026-07-17T00:53:51+00:00,baseline_build,58767125,__project_prepare__,,DefaultBigDecimalMath,,START,,Preparing Maven/Gradle reactor before module builds (Maven)
2026-07-17T00:53:54+00:00,baseline_build,58767125,__project_prepare__,,,,FAIL,2.975,"[INFO] Scanning for projects...
[ERROR] [ERROR] Could not find the selected project in the reactor: ch.obermuhlner.math.big @ 
[ERROR] Could not find the selected project in the reactor: ch.obermuhlner.math.big -> [Help 1]
[ERROR] 
[ERROR] To see the full stack trace of the errors, re-run Maven with the -e switch.
[ERROR] Re-run Maven using the -X switch to enable full debug logging.
[ERROR] 
[ERROR] For more information about the errors and possible solutions, please read the following articles:
[ERROR] [Help 1] http://cwiki.apache.org/confluence/display/MAVEN/MavenExecutionException"
