repo_id,repo_url,commit_sha,focal_class,focal_path,test_class,test_path,nloc,max_method_cc,avg_method_cc,sum_method_cc,method_count,public_method_count,complexity_bucket,eligible_for_sampling,selected_type,selection_rank,repo_order_index,class_seed,replacement_of,notes,java_version,java_version_source,build_tool,dependency_command,compile_command,test_compile_command,working_directory,skip_flags,disabled_components,build_recipe_id,validation_log,success_origin
75368166,https://github.com/powermock/powermock-examples-maven,7b57a10b27e174ff99ee3892ea402da8275a8610,Greeter,simple/src/main/java/demo/org/powermock/examples/simple/Greeter.java,GreeterTest,simple/src/test/java/demo/org/powermock/examples/simple/GreeterTest.java,15,2,1.33,4,3,1,low,True,main,1,0,3695790033416074122,,"Main sampled class (Rank 1, CC 2)",6,pom.xml,maven,mvn dependency:go-offline -DskipTests,mvn test-compile -DskipTests,mvn test-compile -DskipTests,repos/successful/75368166,[],[],recipe_75368166,logs/build/75368166_20260712_230641_attempt_1.log,
7723306,https://github.com/criccomini/ezdb,d42c1e9c27a84c2d98eaa6be5575ea78e9a703d6,EzObjectTreeMapDb,ezdb-treemap/src/main/java/ezdb/treemap/object/EzObjectTreeMapDb.java,TestEzObjectTreeMapDb,ezdb-treemap/src/test/java/ezdb/treemap/object/TestEzObjectTreeMapDb.java,76,3,1.5,12,8,6,low,True,main,1,1,13610479135842564343,,"Main sampled class (Rank 1, CC 3)",8,pom.xml,maven,mvn dependency:go-offline -DskipTests,mvn test-compile -DskipTests,mvn test-compile -DskipTests,repos/successful/7723306,[],[],recipe_7723306,logs/build/7723306_20260712_230641_attempt_1.log,
88231534,https://github.com/opentracing-contrib/java-mongo-driver,0a9c51bbac105437c13c2b2b609ef6b3610ddeb2,NoopSpanNameProvider,opentracing-mongo-common/src/main/java/io/opentracing/contrib/mongo/common/providers/NoopSpanNameProvider.java,NoopSpanNameProviderTest,opentracing-mongo-common/src/test/java/io/opentracing/contrib/mongo/common/providers/NoopSpanNameProviderTest.java,9,3,3.0,3,1,1,low,True,main,1,7,13083155311569527279,,"Main sampled class (Rank 1, CC 3)",7,pom.xml,maven,mvn dependency:go-offline -DskipTests,mvn test-compile -DskipTests,mvn test-compile -DskipTests,repos/successful/88231534,[],[],recipe_88231534,logs/build/88231534_20260712_230641_attempt_1.log,
88231534,https://github.com/opentracing-contrib/java-mongo-driver,0a9c51bbac105437c13c2b2b609ef6b3610ddeb2,TracingCommandListener,opentracing-mongo-common/src/main/java/io/opentracing/contrib/mongo/common/TracingCommandListener.java,TracingCommandListenerTest,opentracing-mongo-common/src/test/java/io/opentracing/contrib/mongo/common/TracingCommandListenerTest.java,135,8,2.23,29,13,12,medium,True,main,2,7,13083155311569527279,,"Main sampled class (Rank 2, CC 8)",7,pom.xml,maven,mvn dependency:go-offline -DskipTests,mvn test-compile -DskipTests,mvn test-compile -DskipTests,repos/successful/88231534,[],[],recipe_88231534,logs/build/88231534_20260712_230641_attempt_1.log,
88231534,https://github.com/opentracing-contrib/java-mongo-driver,0a9c51bbac105437c13c2b2b609ef6b3610ddeb2,TracingCommandListener,opentracing-mongo-common/src/main/java/io/opentracing/contrib/mongo/common/TracingCommandListener.java,TracingCommandListenerTest,opentracing-mongo-common/src/test/java/io/opentracing/contrib/mongo/common/TracingCommandListenerTest.java,135,8,2.23,29,13,12,medium,True,main,3,7,13083155311569527279,,"Main sampled class (Rank 3, CC 8)",7,pom.xml,maven,mvn dependency:go-offline -DskipTests,mvn test-compile -DskipTests,mvn test-compile -DskipTests,repos/successful/88231534,[],[],recipe_88231534,logs/build/88231534_20260712_230641_attempt_1.log,
88231534,https://github.com/opentracing-contrib/java-mongo-driver,0a9c51bbac105437c13c2b2b609ef6b3610ddeb2,TracingCommandListener,opentracing-mongo-common/src/main/java/io/opentracing/contrib/mongo/common/TracingCommandListener.java,TracingCommandListenerTest,opentracing-mongo-common/src/test/java/io/opentracing/contrib/mongo/common/TracingCommandListenerTest.java,135,8,2.23,29,13,12,medium,True,main,4,7,13083155311569527279,,"Main sampled class (Rank 4, CC 8)",7,pom.xml,maven,mvn dependency:go-offline -DskipTests,mvn test-compile -DskipTests,mvn test-compile -DskipTests,repos/successful/88231534,[],[],recipe_88231534,logs/build/88231534_20260712_230641_attempt_1.log,
88231534,https://github.com/opentracing-contrib/java-mongo-driver,0a9c51bbac105437c13c2b2b609ef6b3610ddeb2,TracingCommandListener,opentracing-mongo-common/src/main/java/io/opentracing/contrib/mongo/common/TracingCommandListener.java,TracingCommandListenerTest,opentracing-mongo-common/src/test/java/io/opentracing/contrib/mongo/common/TracingCommandListenerTest.java,135,8,2.23,29,13,12,medium,True,main,5,7,13083155311569527279,,"Main sampled class (Rank 5, CC 8)",7,pom.xml,maven,mvn dependency:go-offline -DskipTests,mvn test-compile -DskipTests,mvn test-compile -DskipTests,repos/successful/88231534,[],[],recipe_88231534,logs/build/88231534_20260712_230641_attempt_1.log,
88231534,https://github.com/opentracing-contrib/java-mongo-driver,0a9c51bbac105437c13c2b2b609ef6b3610ddeb2,OperationCollectionSpanNameProvider,opentracing-mongo-common/src/main/java/io/opentracing/contrib/mongo/common/providers/OperationCollectionSpanNameProvider.java,OperationCollectionSpanNameProviderTest,opentracing-mongo-common/src/test/java/io/opentracing/contrib/mongo/common/providers/OperationCollectionSpanNameProviderTest.java,20,4,4.0,4,1,1,low,True,main,6,7,13083155311569527279,,"Main sampled class (Rank 6, CC 4)",7,pom.xml,maven,mvn dependency:go-offline -DskipTests,mvn test-compile -DskipTests,mvn test-compile -DskipTests,repos/successful/88231534,[],[],recipe_88231534,logs/build/88231534_20260712_230641_attempt_1.log,
88231534,https://github.com/opentracing-contrib/java-mongo-driver,0a9c51bbac105437c13c2b2b609ef6b3610ddeb2,OperationCollectionSpanNameProvider,opentracing-mongo-common/src/main/java/io/opentracing/contrib/mongo/common/providers/OperationCollectionSpanNameProvider.java,OperationCollectionSpanNameProviderTest,opentracing-mongo-common/src/test/java/io/opentracing/contrib/mongo/common/providers/OperationCollectionSpanNameProviderTest.java,20,4,4.0,4,1,1,low,True,main,7,7,13083155311569527279,,"Main sampled class (Rank 7, CC 4)",7,pom.xml,maven,mvn dependency:go-offline -DskipTests,mvn test-compile -DskipTests,mvn test-compile -DskipTests,repos/successful/88231534,[],[],recipe_88231534,logs/build/88231534_20260712_230641_attempt_1.log,
88231534,https://github.com/opentracing-contrib/java-mongo-driver,0a9c51bbac105437c13c2b2b609ef6b3610ddeb2,OperationCollectionSpanNameProvider,opentracing-mongo-common/src/main/java/io/opentracing/contrib/mongo/common/providers/OperationCollectionSpanNameProvider.java,OperationCollectionSpanNameProviderTest,opentracing-mongo-common/src/test/java/io/opentracing/contrib/mongo/common/providers/OperationCollectionSpanNameProviderTest.java,20,4,4.0,4,1,1,low,True,main,8,7,13083155311569527279,,"Main sampled class (Rank 8, CC 4)",7,pom.xml,maven,mvn dependency:go-offline -DskipTests,mvn test-compile -DskipTests,mvn test-compile -DskipTests,repos/successful/88231534,[],[],recipe_88231534,logs/build/88231534_20260712_230641_attempt_1.log,
50552134,https://github.com/mercyblitz/confucius-commons,ffbe5331df105c4a95ee2f0b95a4eeb6df6a9caa,SimpleFileScanner,confucius-commons-lang/src/main/java/org/confucius/commons/lang/io/scanner/SimpleFileScanner.java,SimpleFileScannerTest,confucius-commons-lang/src/test/java/org/confucius/commons/lang/io/scanner/SimpleFileScannerTest.java,36,7,3.0,9,3,3,medium,True,main,1,12,5909760784764211938,,"Main sampled class (Rank 1, CC 7)",6,pom.xml,maven,mvn dependency:go-offline -DskipTests,mvn test-compile -DskipTests,mvn test-compile -DskipTests,repos/successful/50552134,[],[],recipe_50552134,logs/build/50552134_20260712_230641_attempt_1.log,
50552134,https://github.com/mercyblitz/confucius-commons,ffbe5331df105c4a95ee2f0b95a4eeb6df6a9caa,SimpleJarEntryScanner,confucius-commons-lang/src/main/java/org/confucius/commons/lang/io/scanner/SimpleJarEntryScanner.java,SimpleJarEntryScannerTest,confucius-commons-lang/src/test/java/org/confucius/commons/lang/io/scanner/SimpleJarEntryScannerTest.java,59,6,1.83,11,6,5,medium,True,main,2,12,5909760784764211938,,"Main sampled class (Rank 2, CC 6)",6,pom.xml,maven,mvn dependency:go-offline -DskipTests,mvn test-compile -DskipTests,mvn test-compile -DskipTests,repos/successful/50552134,[],[],recipe_50552134,logs/build/50552134_20260712_230641_attempt_1.log,
50552134,https://github.com/mercyblitz/confucius-commons,ffbe5331df105c4a95ee2f0b95a4eeb6df6a9caa,PropertyResourceBundleControl,confucius-commons-lang/src/main/java/org/confucius/commons/lang/util/PropertyResourceBundleControl.java,PropertyResourceBundleControlTest,confucius-commons-lang/src/test/java/org/confucius/commons/lang/util/PropertyResourceBundleControlTest.java,96,6,1.88,15,8,4,medium,True,main,3,12,5909760784764211938,,"Main sampled class (Rank 3, CC 6)",6,pom.xml,maven,mvn dependency:go-offline -DskipTests,mvn test-compile -DskipTests,mvn test-compile -DskipTests,repos/successful/50552134,[],[],recipe_50552134,logs/build/50552134_20260712_230641_attempt_1.log,
50552134,https://github.com/mercyblitz/confucius-commons,ffbe5331df105c4a95ee2f0b95a4eeb6df6a9caa,PropertyResourceBundleControl,confucius-commons-lang/src/main/java/org/confucius/commons/lang/util/PropertyResourceBundleControl.java,PropertyResourceBundleControlTest,confucius-commons-lang/src/test/java/org/confucius/commons/lang/util/PropertyResourceBundleControlTest.java,96,6,1.88,15,8,4,medium,True,main,4,12,5909760784764211938,,"Main sampled class (Rank 4, CC 6)",6,pom.xml,maven,mvn dependency:go-offline -DskipTests,mvn test-compile -DskipTests,mvn test-compile -DskipTests,repos/successful/50552134,[],[],recipe_50552134,logs/build/50552134_20260712_230641_attempt_1.log,
58086354,https://github.com/BitTigerInst/miniCassandra,a996a3bc1f21a9bf0a6589d4ba96dfea99a5ff4f,ClientInterceptors,demo/gRPC/core/src/main/java/io/grpc/ClientInterceptors.java,ClientInterceptorsTest,demo/gRPC/core/src/test/java/io/grpc/ClientInterceptorsTest.java,84,2,1.17,14,12,7,low,True,main,1,41,8968609173039186934,,"Main sampled class (Rank 1, CC 2)",8,pom.xml,maven,mvn dependency:go-offline -DskipTests,mvn test-compile -DskipTests,mvn test-compile -DskipTests,repos/successful/58086354,[],[],recipe_58086354,logs/build/58086354_20260712_230641_attempt_1.log,
58086354,https://github.com/BitTigerInst/miniCassandra,a996a3bc1f21a9bf0a6589d4ba96dfea99a5ff4f,MessageDeframer,demo/gRPC/core/src/main/java/io/grpc/internal/MessageDeframer.java,MessageDeframerTest,demo/gRPC/core/src/test/java/io/grpc/internal/MessageDeframerTest.java,251,12,2.43,51,21,12,high,True,main,2,41,8968609173039186934,,"Main sampled class (Rank 2, CC 12)",8,pom.xml,maven,mvn dependency:go-offline -DskipTests,mvn test-compile -DskipTests,mvn test-compile -DskipTests,repos/successful/58086354,[],[],recipe_58086354,logs/build/58086354_20260712_230641_attempt_1.log,
58086354,https://github.com/BitTigerInst/miniCassandra,a996a3bc1f21a9bf0a6589d4ba96dfea99a5ff4f,MessageDeframer,demo/gRPC/core/src/main/java/io/grpc/internal/MessageDeframer.java,MessageDeframerTest,demo/gRPC/core/src/test/java/io/grpc/internal/MessageDeframerTest.java,251,12,2.43,51,21,12,high,True,main,3,41,8968609173039186934,,"Main sampled class (Rank 3, CC 12)",8,pom.xml,maven,mvn dependency:go-offline -DskipTests,mvn test-compile -DskipTests,mvn test-compile -DskipTests,repos/successful/58086354,[],[],recipe_58086354,logs/build/58086354_20260712_230641_attempt_1.log,
58086354,https://github.com/BitTigerInst/miniCassandra,a996a3bc1f21a9bf0a6589d4ba96dfea99a5ff4f,MessageDeframer,demo/gRPC/core/src/main/java/io/grpc/internal/MessageDeframer.java,MessageDeframerTest,demo/gRPC/core/src/test/java/io/grpc/internal/MessageDeframerTest.java,251,12,2.43,51,21,12,high,True,main,4,41,8968609173039186934,,"Main sampled class (Rank 4, CC 12)",8,pom.xml,maven,mvn dependency:go-offline -DskipTests,mvn test-compile -DskipTests,mvn test-compile -DskipTests,repos/successful/58086354,[],[],recipe_58086354,logs/build/58086354_20260712_230641_attempt_1.log,
58086354,https://github.com/BitTigerInst/miniCassandra,a996a3bc1f21a9bf0a6589d4ba96dfea99a5ff4f,MessageDeframer,demo/gRPC/core/src/main/java/io/grpc/internal/MessageDeframer.java,MessageDeframerTest,demo/gRPC/core/src/test/java/io/grpc/internal/MessageDeframerTest.java,251,12,2.43,51,21,12,high,True,main,5,41,8968609173039186934,,"Main sampled class (Rank 5, CC 12)",8,pom.xml,maven,mvn dependency:go-offline -DskipTests,mvn test-compile -DskipTests,mvn test-compile -DskipTests,repos/successful/58086354,[],[],recipe_58086354,logs/build/58086354_20260712_230641_attempt_1.log,
58086354,https://github.com/BitTigerInst/miniCassandra,a996a3bc1f21a9bf0a6589d4ba96dfea99a5ff4f,MessageDeframer,demo/gRPC/core/src/main/java/io/grpc/internal/MessageDeframer.java,MessageDeframerTest,demo/gRPC/core/src/test/java/io/grpc/internal/MessageDeframerTest.java,251,12,2.43,51,21,12,high,True,main,6,41,8968609173039186934,,"Main sampled class (Rank 6, CC 12)",8,pom.xml,maven,mvn dependency:go-offline -DskipTests,mvn test-compile -DskipTests,mvn test-compile -DskipTests,repos/successful/58086354,[],[],recipe_58086354,logs/build/58086354_20260712_230641_attempt_1.log,
58086354,https://github.com/BitTigerInst/miniCassandra,a996a3bc1f21a9bf0a6589d4ba96dfea99a5ff4f,MessageDeframer,demo/gRPC/core/src/main/java/io/grpc/internal/MessageDeframer.java,MessageDeframerTest,demo/gRPC/core/src/test/java/io/grpc/internal/MessageDeframerTest.java,251,12,2.43,51,21,12,high,True,main,7,41,8968609173039186934,,"Main sampled class (Rank 7, CC 12)",8,pom.xml,maven,mvn dependency:go-offline -DskipTests,mvn test-compile -DskipTests,mvn test-compile -DskipTests,repos/successful/58086354,[],[],recipe_58086354,logs/build/58086354_20260712_230641_attempt_1.log,
58086354,https://github.com/BitTigerInst/miniCassandra,a996a3bc1f21a9bf0a6589d4ba96dfea99a5ff4f,MessageDeframer,demo/gRPC/core/src/main/java/io/grpc/internal/MessageDeframer.java,MessageDeframerTest,demo/gRPC/core/src/test/java/io/grpc/internal/MessageDeframerTest.java,251,12,2.43,51,21,12,high,True,main,8,41,8968609173039186934,,"Main sampled class (Rank 8, CC 12)",8,pom.xml,maven,mvn dependency:go-offline -DskipTests,mvn test-compile -DskipTests,mvn test-compile -DskipTests,repos/successful/58086354,[],[],recipe_58086354,logs/build/58086354_20260712_230641_attempt_1.log,
58086354,https://github.com/BitTigerInst/miniCassandra,a996a3bc1f21a9bf0a6589d4ba96dfea99a5ff4f,MessageDeframer,demo/gRPC/core/src/main/java/io/grpc/internal/MessageDeframer.java,MessageDeframerTest,demo/gRPC/core/src/test/java/io/grpc/internal/MessageDeframerTest.java,251,12,2.43,51,21,12,high,True,main,9,41,8968609173039186934,,"Main sampled class (Rank 9, CC 12)",8,pom.xml,maven,mvn dependency:go-offline -DskipTests,mvn test-compile -DskipTests,mvn test-compile -DskipTests,repos/successful/58086354,[],[],recipe_58086354,logs/build/58086354_20260712_230641_attempt_1.log,
58086354,https://github.com/BitTigerInst/miniCassandra,a996a3bc1f21a9bf0a6589d4ba96dfea99a5ff4f,MessageDeframer,demo/gRPC/core/src/main/java/io/grpc/internal/MessageDeframer.java,MessageDeframerTest,demo/gRPC/core/src/test/java/io/grpc/internal/MessageDeframerTest.java,251,12,2.43,51,21,12,high,True,main,10,41,8968609173039186934,,"Main sampled class (Rank 10, CC 12)",8,pom.xml,maven,mvn dependency:go-offline -DskipTests,mvn test-compile -DskipTests,mvn test-compile -DskipTests,repos/successful/58086354,[],[],recipe_58086354,logs/build/58086354_20260712_230641_attempt_1.log,
58086354,https://github.com/BitTigerInst/miniCassandra,a996a3bc1f21a9bf0a6589d4ba96dfea99a5ff4f,MessageDeframer,demo/gRPC/core/src/main/java/io/grpc/internal/MessageDeframer.java,MessageDeframerTest,demo/gRPC/core/src/test/java/io/grpc/internal/MessageDeframerTest.java,251,12,2.43,51,21,12,high,True,main,11,41,8968609173039186934,,"Main sampled class (Rank 11, CC 12)",8,pom.xml,maven,mvn dependency:go-offline -DskipTests,mvn test-compile -DskipTests,mvn test-compile -DskipTests,repos/successful/58086354,[],[],recipe_58086354,logs/build/58086354_20260712_230641_attempt_1.log,
58086354,https://github.com/BitTigerInst/miniCassandra,a996a3bc1f21a9bf0a6589d4ba96dfea99a5ff4f,MessageDeframer,demo/gRPC/core/src/main/java/io/grpc/internal/MessageDeframer.java,MessageDeframerTest,demo/gRPC/core/src/test/java/io/grpc/internal/MessageDeframerTest.java,251,12,2.43,51,21,12,high,True,main,12,41,8968609173039186934,,"Main sampled class (Rank 12, CC 12)",8,pom.xml,maven,mvn dependency:go-offline -DskipTests,mvn test-compile -DskipTests,mvn test-compile -DskipTests,repos/successful/58086354,[],[],recipe_58086354,logs/build/58086354_20260712_230641_attempt_1.log,
58086354,https://github.com/BitTigerInst/miniCassandra,a996a3bc1f21a9bf0a6589d4ba96dfea99a5ff4f,Status,demo/gRPC/core/src/main/java/io/grpc/Status.java,StatusTest,demo/gRPC/core/src/test/java/io/grpc/StatusTest.java,224,10,1.84,46,25,17,high,True,main,13,41,8968609173039186934,,"Main sampled class (Rank 13, CC 10)",8,pom.xml,maven,mvn dependency:go-offline -DskipTests,mvn test-compile -DskipTests,mvn test-compile -DskipTests,repos/successful/58086354,[],[],recipe_58086354,logs/build/58086354_20260712_230641_attempt_1.log,
58086354,https://github.com/BitTigerInst/miniCassandra,a996a3bc1f21a9bf0a6589d4ba96dfea99a5ff4f,Status,demo/gRPC/core/src/main/java/io/grpc/Status.java,StatusTest,demo/gRPC/core/src/test/java/io/grpc/StatusTest.java,224,10,1.84,46,25,17,high,True,main,14,41,8968609173039186934,,"Main sampled class (Rank 14, CC 10)",8,pom.xml,maven,mvn dependency:go-offline -DskipTests,mvn test-compile -DskipTests,mvn test-compile -DskipTests,repos/successful/58086354,[],[],recipe_58086354,logs/build/58086354_20260712_230641_attempt_1.log,
58086354,https://github.com/BitTigerInst/miniCassandra,a996a3bc1f21a9bf0a6589d4ba96dfea99a5ff4f,ServerProvider,demo/gRPC/core/src/main/java/io/grpc/ServerProvider.java,ServerProviderTest,demo/gRPC/core/src/test/java/io/grpc/ServerProviderTest.java,34,5,3.5,7,2,1,medium,True,main,15,41,8968609173039186934,,"Main sampled class (Rank 15, CC 5)",8,pom.xml,maven,mvn dependency:go-offline -DskipTests,mvn test-compile -DskipTests,mvn test-compile -DskipTests,repos/successful/58086354,[],[],recipe_58086354,logs/build/58086354_20260712_230641_attempt_1.log,
58086354,https://github.com/BitTigerInst/miniCassandra,a996a3bc1f21a9bf0a6589d4ba96dfea99a5ff4f,ServerProvider,demo/gRPC/core/src/main/java/io/grpc/ServerProvider.java,ServerProviderTest,demo/gRPC/core/src/test/java/io/grpc/ServerProviderTest.java,34,5,3.5,7,2,1,medium,True,main,16,41,8968609173039186934,,"Main sampled class (Rank 16, CC 5)",8,pom.xml,maven,mvn dependency:go-offline -DskipTests,mvn test-compile -DskipTests,mvn test-compile -DskipTests,repos/successful/58086354,[],[],recipe_58086354,logs/build/58086354_20260712_230641_attempt_1.log,
58086354,https://github.com/BitTigerInst/miniCassandra,a996a3bc1f21a9bf0a6589d4ba96dfea99a5ff4f,ServerProvider,demo/gRPC/core/src/main/java/io/grpc/ServerProvider.java,ServerProviderTest,demo/gRPC/core/src/test/java/io/grpc/ServerProviderTest.java,34,5,3.5,7,2,1,medium,True,main,17,41,8968609173039186934,,"Main sampled class (Rank 17, CC 5)",8,pom.xml,maven,mvn dependency:go-offline -DskipTests,mvn test-compile -DskipTests,mvn test-compile -DskipTests,repos/successful/58086354,[],[],recipe_58086354,logs/build/58086354_20260712_230641_attempt_1.log,
58086354,https://github.com/BitTigerInst/miniCassandra,a996a3bc1f21a9bf0a6589d4ba96dfea99a5ff4f,ServerInterceptors,demo/gRPC/core/src/main/java/io/grpc/ServerInterceptors.java,ServerInterceptorsTest,demo/gRPC/core/src/test/java/io/grpc/ServerInterceptorsTest.java,163,3,1.33,20,15,11,low,True,main,18,41,8968609173039186934,,"Main sampled class (Rank 18, CC 3)",8,pom.xml,maven,mvn dependency:go-offline -DskipTests,mvn test-compile -DskipTests,mvn test-compile -DskipTests,repos/successful/58086354,[],[],recipe_58086354,logs/build/58086354_20260712_230641_attempt_1.log,
58086354,https://github.com/BitTigerInst/miniCassandra,a996a3bc1f21a9bf0a6589d4ba96dfea99a5ff4f,ServerInterceptors,demo/gRPC/core/src/main/java/io/grpc/ServerInterceptors.java,ServerInterceptorsTest,demo/gRPC/core/src/test/java/io/grpc/ServerInterceptorsTest.java,163,3,1.33,20,15,11,low,True,main,19,41,8968609173039186934,,"Main sampled class (Rank 19, CC 3)",8,pom.xml,maven,mvn dependency:go-offline -DskipTests,mvn test-compile -DskipTests,mvn test-compile -DskipTests,repos/successful/58086354,[],[],recipe_58086354,logs/build/58086354_20260712_230641_attempt_1.log,
58086354,https://github.com/BitTigerInst/miniCassandra,a996a3bc1f21a9bf0a6589d4ba96dfea99a5ff4f,ServerInterceptors,demo/gRPC/core/src/main/java/io/grpc/ServerInterceptors.java,ServerInterceptorsTest,demo/gRPC/core/src/test/java/io/grpc/ServerInterceptorsTest.java,163,3,1.33,20,15,11,low,True,main,20,41,8968609173039186934,,"Main sampled class (Rank 20, CC 3)",8,pom.xml,maven,mvn dependency:go-offline -DskipTests,mvn test-compile -DskipTests,mvn test-compile -DskipTests,repos/successful/58086354,[],[],recipe_58086354,logs/build/58086354_20260712_230641_attempt_1.log,
58086354,https://github.com/BitTigerInst/miniCassandra,a996a3bc1f21a9bf0a6589d4ba96dfea99a5ff4f,ServerInterceptors,demo/gRPC/core/src/main/java/io/grpc/ServerInterceptors.java,ServerInterceptorsTest,demo/gRPC/core/src/test/java/io/grpc/ServerInterceptorsTest.java,163,3,1.33,20,15,11,low,True,main,21,41,8968609173039186934,,"Main sampled class (Rank 21, CC 3)",8,pom.xml,maven,mvn dependency:go-offline -DskipTests,mvn test-compile -DskipTests,mvn test-compile -DskipTests,repos/successful/58086354,[],[],recipe_58086354,logs/build/58086354_20260712_230641_attempt_1.log,
58086354,https://github.com/BitTigerInst/miniCassandra,a996a3bc1f21a9bf0a6589d4ba96dfea99a5ff4f,ServerInterceptors,demo/gRPC/core/src/main/java/io/grpc/ServerInterceptors.java,ServerInterceptorsTest,demo/gRPC/core/src/test/java/io/grpc/ServerInterceptorsTest.java,163,3,1.33,20,15,11,low,True,main,22,41,8968609173039186934,,"Main sampled class (Rank 22, CC 3)",8,pom.xml,maven,mvn dependency:go-offline -DskipTests,mvn test-compile -DskipTests,mvn test-compile -DskipTests,repos/successful/58086354,[],[],recipe_58086354,logs/build/58086354_20260712_230641_attempt_1.log,
6489406,https://github.com/dma-ais/AisLib,7b3429115a3c1a8d52b30298e17e2a4f757dfd72,TargetTracker,ais-lib-communication/src/main/java/dk/dma/ais/tracker/targetTracker/TargetTracker.java,TargetTrackerTest,ais-lib-communication/src/test/java/dk/dma/ais/tracker/targetTracker/TargetTrackerTest.java,162,12,2.42,46,19,15,high,True,main,1,48,11408680270351069727,,"Main sampled class (Rank 1, CC 12)",unknown_but_builds_with_jdk8,unknown,maven,mvn dependency:go-offline -DskipTests,mvn test-compile -DskipTests,mvn test-compile -DskipTests,repos/successful/6489406,[],[],recipe_6489406,logs/build/6489406_20260712_230641_attempt_1.log,
6489406,https://github.com/dma-ais/AisLib,7b3429115a3c1a8d52b30298e17e2a4f757dfd72,Track,ais-lib-communication/src/main/java/dk/dma/ais/tracker/eventEmittingTracker/Track.java,TrackTest,ais-lib-communication/src/test/java/dk/dma/ais/tracker/eventEmittingTracker/TrackTest.java,396,13,1.77,76,43,37,high,True,main,2,48,11408680270351069727,,"Main sampled class (Rank 2, CC 13)",unknown_but_builds_with_jdk8,unknown,maven,mvn dependency:go-offline -DskipTests,mvn test-compile -DskipTests,mvn test-compile -DskipTests,repos/successful/6489406,[],[],recipe_6489406,logs/build/6489406_20260712_230641_attempt_1.log,
6489406,https://github.com/dma-ais/AisLib,7b3429115a3c1a8d52b30298e17e2a4f757dfd72,Track,ais-lib-communication/src/main/java/dk/dma/ais/tracker/eventEmittingTracker/Track.java,TrackTest,ais-lib-communication/src/test/java/dk/dma/ais/tracker/eventEmittingTracker/TrackTest.java,396,13,1.77,76,43,37,high,True,main,3,48,11408680270351069727,,"Main sampled class (Rank 3, CC 13)",unknown_but_builds_with_jdk8,unknown,maven,mvn dependency:go-offline -DskipTests,mvn test-compile -DskipTests,mvn test-compile -DskipTests,repos/successful/6489406,[],[],recipe_6489406,logs/build/6489406_20260712_230641_attempt_1.log,
6489406,https://github.com/dma-ais/AisLib,7b3429115a3c1a8d52b30298e17e2a4f757dfd72,Track,ais-lib-communication/src/main/java/dk/dma/ais/tracker/eventEmittingTracker/Track.java,TrackTest,ais-lib-communication/src/test/java/dk/dma/ais/tracker/eventEmittingTracker/TrackTest.java,396,13,1.77,76,43,37,high,True,main,4,48,11408680270351069727,,"Main sampled class (Rank 4, CC 13)",unknown_but_builds_with_jdk8,unknown,maven,mvn dependency:go-offline -DskipTests,mvn test-compile -DskipTests,mvn test-compile -DskipTests,repos/successful/6489406,[],[],recipe_6489406,logs/build/6489406_20260712_230641_attempt_1.log,
6489406,https://github.com/dma-ais/AisLib,7b3429115a3c1a8d52b30298e17e2a4f757dfd72,Track,ais-lib-communication/src/main/java/dk/dma/ais/tracker/eventEmittingTracker/Track.java,TrackTest,ais-lib-communication/src/test/java/dk/dma/ais/tracker/eventEmittingTracker/TrackTest.java,396,13,1.77,76,43,37,high,True,main,5,48,11408680270351069727,,"Main sampled class (Rank 5, CC 13)",unknown_but_builds_with_jdk8,unknown,maven,mvn dependency:go-offline -DskipTests,mvn test-compile -DskipTests,mvn test-compile -DskipTests,repos/successful/6489406,[],[],recipe_6489406,logs/build/6489406_20260712_230641_attempt_1.log,
6489406,https://github.com/dma-ais/AisLib,7b3429115a3c1a8d52b30298e17e2a4f757dfd72,Track,ais-lib-communication/src/main/java/dk/dma/ais/tracker/eventEmittingTracker/Track.java,TrackTest,ais-lib-communication/src/test/java/dk/dma/ais/tracker/eventEmittingTracker/TrackTest.java,396,13,1.77,76,43,37,high,True,main,6,48,11408680270351069727,,"Main sampled class (Rank 6, CC 13)",unknown_but_builds_with_jdk8,unknown,maven,mvn dependency:go-offline -DskipTests,mvn test-compile -DskipTests,mvn test-compile -DskipTests,repos/successful/6489406,[],[],recipe_6489406,logs/build/6489406_20260712_230641_attempt_1.log,
6489406,https://github.com/dma-ais/AisLib,7b3429115a3c1a8d52b30298e17e2a4f757dfd72,EventEmittingTrackerImpl,ais-lib-communication/src/main/java/dk/dma/ais/tracker/eventEmittingTracker/EventEmittingTrackerImpl.java,EventEmittingTrackerImplTest,ais-lib-communication/src/test/java/dk/dma/ais/tracker/eventEmittingTracker/EventEmittingTrackerImplTest.java,291,11,2.25,54,24,9,high,True,main,7,48,11408680270351069727,,"Main sampled class (Rank 7, CC 11)",unknown_but_builds_with_jdk8,unknown,maven,mvn dependency:go-offline -DskipTests,mvn test-compile -DskipTests,mvn test-compile -DskipTests,repos/successful/6489406,[],[],recipe_6489406,logs/build/6489406_20260712_230641_attempt_1.log,
6489406,https://github.com/dma-ais/AisLib,7b3429115a3c1a8d52b30298e17e2a4f757dfd72,EventEmittingTrackerImpl,ais-lib-communication/src/main/java/dk/dma/ais/tracker/eventEmittingTracker/EventEmittingTrackerImpl.java,EventEmittingTrackerImplTest,ais-lib-communication/src/test/java/dk/dma/ais/tracker/eventEmittingTracker/EventEmittingTrackerImplTest.java,291,11,2.25,54,24,9,high,True,main,8,48,11408680270351069727,,"Main sampled class (Rank 8, CC 11)",unknown_but_builds_with_jdk8,unknown,maven,mvn dependency:go-offline -DskipTests,mvn test-compile -DskipTests,mvn test-compile -DskipTests,repos/successful/6489406,[],[],recipe_6489406,logs/build/6489406_20260712_230641_attempt_1.log,
6489406,https://github.com/dma-ais/AisLib,7b3429115a3c1a8d52b30298e17e2a4f757dfd72,EventEmittingTrackerImpl,ais-lib-communication/src/main/java/dk/dma/ais/tracker/eventEmittingTracker/EventEmittingTrackerImpl.java,EventEmittingTrackerImplTest,ais-lib-communication/src/test/java/dk/dma/ais/tracker/eventEmittingTracker/EventEmittingTrackerImplTest.java,291,11,2.25,54,24,9,high,True,main,9,48,11408680270351069727,,"Main sampled class (Rank 9, CC 11)",unknown_but_builds_with_jdk8,unknown,maven,mvn dependency:go-offline -DskipTests,mvn test-compile -DskipTests,mvn test-compile -DskipTests,repos/successful/6489406,[],[],recipe_6489406,logs/build/6489406_20260712_230641_attempt_1.log,
6489406,https://github.com/dma-ais/AisLib,7b3429115a3c1a8d52b30298e17e2a4f757dfd72,Vdm,ais-lib-messages/src/main/java/dk/dma/ais/sentence/Vdm.java,VdmTest,ais-lib-messages/src/test/java/dk/dma/ais/sentence/VdmTest.java,125,8,3.14,22,7,7,medium,True,main,10,48,11408680270351069727,,"Main sampled class (Rank 10, CC 8)",unknown_but_builds_with_jdk8,unknown,maven,mvn dependency:go-offline -DskipTests,mvn test-compile -DskipTests,mvn test-compile -DskipTests,repos/successful/6489406,[],[],recipe_6489406,logs/build/6489406_20260712_230641_attempt_1.log,
6489406,https://github.com/dma-ais/AisLib,7b3429115a3c1a8d52b30298e17e2a4f757dfd72,Vdm,ais-lib-messages/src/main/java/dk/dma/ais/sentence/Vdm.java,VdmTest,ais-lib-messages/src/test/java/dk/dma/ais/sentence/VdmTest.java,125,8,3.14,22,7,7,medium,True,main,11,48,11408680270351069727,,"Main sampled class (Rank 11, CC 8)",unknown_but_builds_with_jdk8,unknown,maven,mvn dependency:go-offline -DskipTests,mvn test-compile -DskipTests,mvn test-compile -DskipTests,repos/successful/6489406,[],[],recipe_6489406,logs/build/6489406_20260712_230641_attempt_1.log,
6489406,https://github.com/dma-ais/AisLib,7b3429115a3c1a8d52b30298e17e2a4f757dfd72,Vdm,ais-lib-messages/src/main/java/dk/dma/ais/sentence/Vdm.java,VdmTest,ais-lib-messages/src/test/java/dk/dma/ais/sentence/VdmTest.java,125,8,3.14,22,7,7,medium,True,main,12,48,11408680270351069727,,"Main sampled class (Rank 12, CC 8)",unknown_but_builds_with_jdk8,unknown,maven,mvn dependency:go-offline -DskipTests,mvn test-compile -DskipTests,mvn test-compile -DskipTests,repos/successful/6489406,[],[],recipe_6489406,logs/build/6489406_20260712_230641_attempt_1.log,
6489406,https://github.com/dma-ais/AisLib,7b3429115a3c1a8d52b30298e17e2a4f757dfd72,Vdm,ais-lib-messages/src/main/java/dk/dma/ais/sentence/Vdm.java,VdmTest,ais-lib-messages/src/test/java/dk/dma/ais/sentence/VdmTest.java,125,8,3.14,22,7,7,medium,True,main,13,48,11408680270351069727,,"Main sampled class (Rank 13, CC 8)",unknown_but_builds_with_jdk8,unknown,maven,mvn dependency:go-offline -DskipTests,mvn test-compile -DskipTests,mvn test-compile -DskipTests,repos/successful/6489406,[],[],recipe_6489406,logs/build/6489406_20260712_230641_attempt_1.log,
6489406,https://github.com/dma-ais/AisLib,7b3429115a3c1a8d52b30298e17e2a4f757dfd72,AisReader,ais-lib-communication/src/main/java/dk/dma/ais/reader/AisReader.java,AisReaderTest,ais-lib-communication/src/test/java/dk/dma/ais/reader/AisReaderTest.java,180,8,1.67,30,18,13,medium,True,main,14,48,11408680270351069727,,"Main sampled class (Rank 14, CC 8)",unknown_but_builds_with_jdk8,unknown,maven,mvn dependency:go-offline -DskipTests,mvn test-compile -DskipTests,mvn test-compile -DskipTests,repos/successful/6489406,[],[],recipe_6489406,logs/build/6489406_20260712_230641_attempt_1.log,
6489406,https://github.com/dma-ais/AisLib,7b3429115a3c1a8d52b30298e17e2a4f757dfd72,AisPacket,ais-lib-communication/src/main/java/dk/dma/ais/packet/AisPacket.java,AisPacketTest,ais-lib-communication/src/test/java/dk/dma/ais/packet/AisPacketTest.java,128,4,1.78,32,18,16,low,True,main,15,48,11408680270351069727,,"Main sampled class (Rank 15, CC 4)",unknown_but_builds_with_jdk8,unknown,maven,mvn dependency:go-offline -DskipTests,mvn test-compile -DskipTests,mvn test-compile -DskipTests,repos/successful/6489406,[],[],recipe_6489406,logs/build/6489406_20260712_230641_attempt_1.log,
6489406,https://github.com/dma-ais/AisLib,7b3429115a3c1a8d52b30298e17e2a4f757dfd72,AisMessage27,ais-lib-messages/src/main/java/dk/dma/ais/message/AisMessage27.java,AisMessage27Test,ais-lib-messages/src/test/java/dk/dma/ais/message/AisMessage27Test.java,121,2,1.05,23,22,22,low,True,main,16,48,11408680270351069727,,"Main sampled class (Rank 16, CC 2)",unknown_but_builds_with_jdk8,unknown,maven,mvn dependency:go-offline -DskipTests,mvn test-compile -DskipTests,mvn test-compile -DskipTests,repos/successful/6489406,[],[],recipe_6489406,logs/build/6489406_20260712_230641_attempt_1.log,
6489406,https://github.com/dma-ais/AisLib,7b3429115a3c1a8d52b30298e17e2a4f757dfd72,AisMessage27,ais-lib-messages/src/main/java/dk/dma/ais/message/AisMessage27.java,AisMessage27Test,ais-lib-messages/src/test/java/dk/dma/ais/message/AisMessage27Test.java,121,2,1.05,23,22,22,low,True,main,17,48,11408680270351069727,,"Main sampled class (Rank 17, CC 2)",unknown_but_builds_with_jdk8,unknown,maven,mvn dependency:go-offline -DskipTests,mvn test-compile -DskipTests,mvn test-compile -DskipTests,repos/successful/6489406,[],[],recipe_6489406,logs/build/6489406_20260712_230641_attempt_1.log,
56342003,https://github.com/kangaroo-server/kangaroo,8b71eb416b7db8acd10467cefd57dc0a6b2c84c5,AbstractService,kangaroo-server-authz/src/main/java/net/krotscheck/kangaroo/authz/admin/v1/resource/AbstractService.java,AbstractServiceTest,kangaroo-server-authz/src/test/java/net/krotscheck/kangaroo/authz/admin/v1/resource/AbstractServiceTest.java,205,7,1.87,43,23,14,medium,True,main,1,51,4442270828601798807,,"Main sampled class (Rank 1, CC 7)",unknown_but_builds_with_jdk8,unknown,maven,mvn dependency:go-offline -DskipTests,mvn test-compile -DskipTests,mvn test-compile -DskipTests,repos/successful/56342003,[],[],recipe_56342003,logs/build/56342003_20260712_230641_attempt_1.log,
56342003,https://github.com/kangaroo-server/kangaroo,8b71eb416b7db8acd10467cefd57dc0a6b2c84c5,ValidationUtil,kangaroo-server-authz/src/main/java/net/krotscheck/kangaroo/authz/common/util/ValidationUtil.java,ValidationUtilTest,kangaroo-server-authz/src/test/java/net/krotscheck/kangaroo/authz/common/util/ValidationUtilTest.java,254,12,3.56,64,18,16,high,True,main,2,51,4442270828601798807,,"Main sampled class (Rank 2, CC 12)",unknown_but_builds_with_jdk8,unknown,maven,mvn dependency:go-offline -DskipTests,mvn test-compile -DskipTests,mvn test-compile -DskipTests,repos/successful/56342003,[],[],recipe_56342003,logs/build/56342003_20260712_230641_attempt_1.log,
56342003,https://github.com/kangaroo-server/kangaroo,8b71eb416b7db8acd10467cefd57dc0a6b2c84c5,ValidationUtil,kangaroo-server-authz/src/main/java/net/krotscheck/kangaroo/authz/common/util/ValidationUtil.java,ValidationUtilTest,kangaroo-server-authz/src/test/java/net/krotscheck/kangaroo/authz/common/util/ValidationUtilTest.java,254,12,3.56,64,18,16,high,True,main,3,51,4442270828601798807,,"Main sampled class (Rank 3, CC 12)",unknown_but_builds_with_jdk8,unknown,maven,mvn dependency:go-offline -DskipTests,mvn test-compile -DskipTests,mvn test-compile -DskipTests,repos/successful/56342003,[],[],recipe_56342003,logs/build/56342003_20260712_230641_attempt_1.log,
56342003,https://github.com/kangaroo-server/kangaroo,8b71eb416b7db8acd10467cefd57dc0a6b2c84c5,ValidationUtil,kangaroo-server-authz/src/main/java/net/krotscheck/kangaroo/authz/common/util/ValidationUtil.java,ValidationUtilTest,kangaroo-server-authz/src/test/java/net/krotscheck/kangaroo/authz/common/util/ValidationUtilTest.java,254,12,3.56,64,18,16,high,True,main,4,51,4442270828601798807,,"Main sampled class (Rank 4, CC 12)",unknown_but_builds_with_jdk8,unknown,maven,mvn dependency:go-offline -DskipTests,mvn test-compile -DskipTests,mvn test-compile -DskipTests,repos/successful/56342003,[],[],recipe_56342003,logs/build/56342003_20260712_230641_attempt_1.log,
56342003,https://github.com/kangaroo-server/kangaroo,8b71eb416b7db8acd10467cefd57dc0a6b2c84c5,ValidationUtil,kangaroo-server-authz/src/main/java/net/krotscheck/kangaroo/authz/common/util/ValidationUtil.java,ValidationUtilTest,kangaroo-server-authz/src/test/java/net/krotscheck/kangaroo/authz/common/util/ValidationUtilTest.java,254,12,3.56,64,18,16,high,True,main,5,51,4442270828601798807,,"Main sampled class (Rank 5, CC 12)",unknown_but_builds_with_jdk8,unknown,maven,mvn dependency:go-offline -DskipTests,mvn test-compile -DskipTests,mvn test-compile -DskipTests,repos/successful/56342003,[],[],recipe_56342003,logs/build/56342003_20260712_230641_attempt_1.log,
56342003,https://github.com/kangaroo-server/kangaroo,8b71eb416b7db8acd10467cefd57dc0a6b2c84c5,ValidationUtil,kangaroo-server-authz/src/main/java/net/krotscheck/kangaroo/authz/common/util/ValidationUtil.java,ValidationUtilTest,kangaroo-server-authz/src/test/java/net/krotscheck/kangaroo/authz/common/util/ValidationUtilTest.java,254,12,3.56,64,18,16,high,True,main,6,51,4442270828601798807,,"Main sampled class (Rank 6, CC 12)",unknown_but_builds_with_jdk8,unknown,maven,mvn dependency:go-offline -DskipTests,mvn test-compile -DskipTests,mvn test-compile -DskipTests,repos/successful/56342003,[],[],recipe_56342003,logs/build/56342003_20260712_230641_attempt_1.log,
56342003,https://github.com/kangaroo-server/kangaroo,8b71eb416b7db8acd10467cefd57dc0a6b2c84c5,ValidationUtil,kangaroo-server-authz/src/main/java/net/krotscheck/kangaroo/authz/common/util/ValidationUtil.java,ValidationUtilTest,kangaroo-server-authz/src/test/java/net/krotscheck/kangaroo/authz/common/util/ValidationUtilTest.java,254,12,3.56,64,18,16,high,True,main,7,51,4442270828601798807,,"Main sampled class (Rank 7, CC 12)",unknown_but_builds_with_jdk8,unknown,maven,mvn dependency:go-offline -DskipTests,mvn test-compile -DskipTests,mvn test-compile -DskipTests,repos/successful/56342003,[],[],recipe_56342003,logs/build/56342003_20260712_230641_attempt_1.log,
56342003,https://github.com/kangaroo-server/kangaroo,8b71eb416b7db8acd10467cefd57dc0a6b2c84c5,RequestUtil,kangaroo-common/src/main/java/net/krotscheck/kangaroo/util/RequestUtil.java,RequestUtilTest,kangaroo-common/src/test/java/net/krotscheck/kangaroo/util/RequestUtilTest.java,120,5,2.5,20,8,7,medium,True,main,8,51,4442270828601798807,,"Main sampled class (Rank 8, CC 5)",unknown_but_builds_with_jdk8,unknown,maven,mvn dependency:go-offline -DskipTests,mvn test-compile -DskipTests,mvn test-compile -DskipTests,repos/successful/56342003,[],[],recipe_56342003,logs/build/56342003_20260712_230641_attempt_1.log,
56342003,https://github.com/kangaroo-server/kangaroo,8b71eb416b7db8acd10467cefd57dc0a6b2c84c5,RequestUtil,kangaroo-common/src/main/java/net/krotscheck/kangaroo/util/RequestUtil.java,RequestUtilTest,kangaroo-common/src/test/java/net/krotscheck/kangaroo/util/RequestUtilTest.java,120,5,2.5,20,8,7,medium,True,main,9,51,4442270828601798807,,"Main sampled class (Rank 9, CC 5)",unknown_but_builds_with_jdk8,unknown,maven,mvn dependency:go-offline -DskipTests,mvn test-compile -DskipTests,mvn test-compile -DskipTests,repos/successful/56342003,[],[],recipe_56342003,logs/build/56342003_20260712_230641_attempt_1.log,
56342003,https://github.com/kangaroo-server/kangaroo,8b71eb416b7db8acd10467cefd57dc0a6b2c84c5,RequestUtil,kangaroo-common/src/main/java/net/krotscheck/kangaroo/util/RequestUtil.java,RequestUtilTest,kangaroo-common/src/test/java/net/krotscheck/kangaroo/util/RequestUtilTest.java,120,5,2.5,20,8,7,medium,True,main,10,51,4442270828601798807,,"Main sampled class (Rank 10, CC 5)",unknown_but_builds_with_jdk8,unknown,maven,mvn dependency:go-offline -DskipTests,mvn test-compile -DskipTests,mvn test-compile -DskipTests,repos/successful/56342003,[],[],recipe_56342003,logs/build/56342003_20260712_230641_attempt_1.log,
56342003,https://github.com/kangaroo-server/kangaroo,8b71eb416b7db8acd10467cefd57dc0a6b2c84c5,RequestUtil,kangaroo-common/src/main/java/net/krotscheck/kangaroo/util/RequestUtil.java,RequestUtilTest,kangaroo-common/src/test/java/net/krotscheck/kangaroo/util/RequestUtilTest.java,120,5,2.5,20,8,7,medium,True,main,11,51,4442270828601798807,,"Main sampled class (Rank 11, CC 5)",unknown_but_builds_with_jdk8,unknown,maven,mvn dependency:go-offline -DskipTests,mvn test-compile -DskipTests,mvn test-compile -DskipTests,repos/successful/56342003,[],[],recipe_56342003,logs/build/56342003_20260712_230641_attempt_1.log,
56342003,https://github.com/kangaroo-server/kangaroo,8b71eb416b7db8acd10467cefd57dc0a6b2c84c5,RequestUtil,kangaroo-common/src/main/java/net/krotscheck/kangaroo/util/RequestUtil.java,RequestUtilTest,kangaroo-common/src/test/java/net/krotscheck/kangaroo/util/RequestUtilTest.java,120,5,2.5,20,8,7,medium,True,main,12,51,4442270828601798807,,"Main sampled class (Rank 12, CC 5)",unknown_but_builds_with_jdk8,unknown,maven,mvn dependency:go-offline -DskipTests,mvn test-compile -DskipTests,mvn test-compile -DskipTests,repos/successful/56342003,[],[],recipe_56342003,logs/build/56342003_20260712_230641_attempt_1.log,
56342003,https://github.com/kangaroo-server/kangaroo,8b71eb416b7db8acd10467cefd57dc0a6b2c84c5,HttpSessionCleanupTask,kangaroo-server-authz/src/main/java/net/krotscheck/kangaroo/authz/oauth2/session/tasks/HttpSessionCleanupTask.java,HttpSessionCleanupTaskTest,kangaroo-server-authz/src/test/java/net/krotscheck/kangaroo/authz/oauth2/session/tasks/HttpSessionCleanupTaskTest.java,74,3,1.4,7,5,4,low,True,main,13,51,4442270828601798807,,"Main sampled class (Rank 13, CC 3)",unknown_but_builds_with_jdk8,unknown,maven,mvn dependency:go-offline -DskipTests,mvn test-compile -DskipTests,mvn test-compile -DskipTests,repos/successful/56342003,[],[],recipe_56342003,logs/build/56342003_20260712_230641_attempt_1.log,
56342003,https://github.com/kangaroo-server/kangaroo,8b71eb416b7db8acd10467cefd57dc0a6b2c84c5,HttpSessionCleanupTask,kangaroo-server-authz/src/main/java/net/krotscheck/kangaroo/authz/oauth2/session/tasks/HttpSessionCleanupTask.java,HttpSessionCleanupTaskTest,kangaroo-server-authz/src/test/java/net/krotscheck/kangaroo/authz/oauth2/session/tasks/HttpSessionCleanupTaskTest.java,74,3,1.4,7,5,4,low,True,main,14,51,4442270828601798807,,"Main sampled class (Rank 14, CC 3)",unknown_but_builds_with_jdk8,unknown,maven,mvn dependency:go-offline -DskipTests,mvn test-compile -DskipTests,mvn test-compile -DskipTests,repos/successful/56342003,[],[],recipe_56342003,logs/build/56342003_20260712_230641_attempt_1.log,
56342003,https://github.com/kangaroo-server/kangaroo,8b71eb416b7db8acd10467cefd57dc0a6b2c84c5,HttpSessionCleanupTask,kangaroo-server-authz/src/main/java/net/krotscheck/kangaroo/authz/oauth2/session/tasks/HttpSessionCleanupTask.java,HttpSessionCleanupTaskTest,kangaroo-server-authz/src/test/java/net/krotscheck/kangaroo/authz/oauth2/session/tasks/HttpSessionCleanupTaskTest.java,74,3,1.4,7,5,4,low,True,main,15,51,4442270828601798807,,"Main sampled class (Rank 15, CC 3)",unknown_but_builds_with_jdk8,unknown,maven,mvn dependency:go-offline -DskipTests,mvn test-compile -DskipTests,mvn test-compile -DskipTests,repos/successful/56342003,[],[],recipe_56342003,logs/build/56342003_20260712_230641_attempt_1.log,
56342003,https://github.com/kangaroo-server/kangaroo,8b71eb416b7db8acd10467cefd57dc0a6b2c84c5,SystemConfiguration,kangaroo-common/src/main/java/net/krotscheck/kangaroo/common/config/SystemConfiguration.java,SystemConfigurationTest,kangaroo-common/src/test/java/net/krotscheck/kangaroo/common/config/SystemConfigurationTest.java,43,2,1.25,5,4,2,low,True,main,16,51,4442270828601798807,,"Main sampled class (Rank 16, CC 2)",unknown_but_builds_with_jdk8,unknown,maven,mvn dependency:go-offline -DskipTests,mvn test-compile -DskipTests,mvn test-compile -DskipTests,repos/successful/56342003,[],[],recipe_56342003,logs/build/56342003_20260712_230641_attempt_1.log,
56342003,https://github.com/kangaroo-server/kangaroo,8b71eb416b7db8acd10467cefd57dc0a6b2c84c5,RedirectingExceptionMapper,kangaroo-server-authz/src/main/java/net/krotscheck/kangaroo/authz/oauth2/exception/RedirectingExceptionMapper.java,RedirectingExceptionMapperTest,kangaroo-server-authz/src/test/java/net/krotscheck/kangaroo/authz/oauth2/exception/RedirectingExceptionMapperTest.java,49,2,1.33,4,3,1,low,True,main,17,51,4442270828601798807,,"Main sampled class (Rank 17, CC 2)",unknown_but_builds_with_jdk8,unknown,maven,mvn dependency:go-offline -DskipTests,mvn test-compile -DskipTests,mvn test-compile -DskipTests,repos/successful/56342003,[],[],recipe_56342003,logs/build/56342003_20260712_230641_attempt_1.log,
56342003,https://github.com/kangaroo-server/kangaroo,8b71eb416b7db8acd10467cefd57dc0a6b2c84c5,RedirectingExceptionMapper,kangaroo-server-authz/src/main/java/net/krotscheck/kangaroo/authz/oauth2/exception/RedirectingExceptionMapper.java,RedirectingExceptionMapperTest,kangaroo-server-authz/src/test/java/net/krotscheck/kangaroo/authz/oauth2/exception/RedirectingExceptionMapperTest.java,49,2,1.33,4,3,1,low,True,main,18,51,4442270828601798807,,"Main sampled class (Rank 18, CC 2)",unknown_but_builds_with_jdk8,unknown,maven,mvn dependency:go-offline -DskipTests,mvn test-compile -DskipTests,mvn test-compile -DskipTests,repos/successful/56342003,[],[],recipe_56342003,logs/build/56342003_20260712_230641_attempt_1.log,
56342003,https://github.com/kangaroo-server/kangaroo,8b71eb416b7db8acd10467cefd57dc0a6b2c84c5,IdUtil,kangaroo-common/src/main/java/net/krotscheck/kangaroo/common/hibernate/id/IdUtil.java,IdUtilTest,kangaroo-common/src/test/java/net/krotscheck/kangaroo/common/hibernate/id/IdUtilTest.java,26,2,1.5,6,4,3,low,True,main,19,51,4442270828601798807,,"Main sampled class (Rank 19, CC 2)",unknown_but_builds_with_jdk8,unknown,maven,mvn dependency:go-offline -DskipTests,mvn test-compile -DskipTests,mvn test-compile -DskipTests,repos/successful/56342003,[],[],recipe_56342003,logs/build/56342003_20260712_230641_attempt_1.log,
3526892,https://github.com/ipeirotis/Troia-Server,5c18a6cc519a148c58d8ed5483fb6809e5623ee9,ProjectCommandExecutor,core/src/main/java/com/datascience/executor/ProjectCommandExecutor.java,ProjectCommandExecutorTest,core/src/test/java/com/datascience/executor/ProjectCommandExecutorTest.java,119,4,1.64,23,14,7,low,True,main,1,59,11970320721535061872,,"Main sampled class (Rank 1, CC 4)",unknown_but_builds_with_jdk8,repair_stage,maven,mvn -U -s ../../repair_configs/3526892/settings_retry.xml test-compile -DskipTests -Dcheckstyle.skip=true -Dspotless.check.skip=true -Dlicense.skip=true -Dgpg.skip=true -Ddocker.skip=true -Dfrontend.skip=true,mvn -U -s ../../repair_configs/3526892/settings_retry.xml test-compile -DskipTests -Dcheckstyle.skip=true -Dspotless.check.skip=true -Dlicense.skip=true -Dgpg.skip=true -Ddocker.skip=true -Dfrontend.skip=true,mvn -U -s ../../repair_configs/3526892/settings_retry.xml test-compile -DskipTests -Dcheckstyle.skip=true -Dspotless.check.skip=true -Dlicense.skip=true -Dgpg.skip=true -Ddocker.skip=true -Dfrontend.skip=true,,"['checkstyle.skip', 'spotless.check.skip', 'license.skip', 'gpg.skip', 'docker.skip', 'frontend.skip']",[],recipe_3526892,logs/repair/3526892_20260713_192338_attempt_2.log,curated_repair
3526892,https://github.com/ipeirotis/Troia-Server,5c18a6cc519a148c58d8ed5483fb6809e5623ee9,DataGenerator,data-generator/src/main/java/com/datascience/gal/dataGenerator/DataGenerator.java,DataGeneratorTest,data-generator/src/test/java/com/datascience/gal/dataGenerator/DataGeneratorTest.java,234,7,2.92,38,13,12,medium,True,main,2,59,11970320721535061872,,"Main sampled class (Rank 2, CC 7)",unknown_but_builds_with_jdk8,repair_stage,maven,mvn -U -s ../../repair_configs/3526892/settings_retry.xml test-compile -DskipTests -Dcheckstyle.skip=true -Dspotless.check.skip=true -Dlicense.skip=true -Dgpg.skip=true -Ddocker.skip=true -Dfrontend.skip=true,mvn -U -s ../../repair_configs/3526892/settings_retry.xml test-compile -DskipTests -Dcheckstyle.skip=true -Dspotless.check.skip=true -Dlicense.skip=true -Dgpg.skip=true -Ddocker.skip=true -Dfrontend.skip=true,mvn -U -s ../../repair_configs/3526892/settings_retry.xml test-compile -DskipTests -Dcheckstyle.skip=true -Dspotless.check.skip=true -Dlicense.skip=true -Dgpg.skip=true -Ddocker.skip=true -Dfrontend.skip=true,,"['checkstyle.skip', 'spotless.check.skip', 'license.skip', 'gpg.skip', 'docker.skip', 'frontend.skip']",[],recipe_3526892,logs/repair/3526892_20260713_192338_attempt_2.log,curated_repair
3526892,https://github.com/ipeirotis/Troia-Server,5c18a6cc519a148c58d8ed5483fb6809e5623ee9,DataGenerator,data-generator/src/main/java/com/datascience/gal/dataGenerator/DataGenerator.java,DataGeneratorTest,data-generator/src/test/java/com/datascience/gal/dataGenerator/DataGeneratorTest.java,234,7,2.92,38,13,12,medium,True,main,3,59,11970320721535061872,,"Main sampled class (Rank 3, CC 7)",unknown_but_builds_with_jdk8,repair_stage,maven,mvn -U -s ../../repair_configs/3526892/settings_retry.xml test-compile -DskipTests -Dcheckstyle.skip=true -Dspotless.check.skip=true -Dlicense.skip=true -Dgpg.skip=true -Ddocker.skip=true -Dfrontend.skip=true,mvn -U -s ../../repair_configs/3526892/settings_retry.xml test-compile -DskipTests -Dcheckstyle.skip=true -Dspotless.check.skip=true -Dlicense.skip=true -Dgpg.skip=true -Ddocker.skip=true -Dfrontend.skip=true,mvn -U -s ../../repair_configs/3526892/settings_retry.xml test-compile -DskipTests -Dcheckstyle.skip=true -Dspotless.check.skip=true -Dlicense.skip=true -Dgpg.skip=true -Ddocker.skip=true -Dfrontend.skip=true,,"['checkstyle.skip', 'spotless.check.skip', 'license.skip', 'gpg.skip', 'docker.skip', 'frontend.skip']",[],recipe_3526892,logs/repair/3526892_20260713_192338_attempt_2.log,curated_repair
3526892,https://github.com/ipeirotis/Troia-Server,5c18a6cc519a148c58d8ed5483fb6809e5623ee9,DataGenerator,data-generator/src/main/java/com/datascience/gal/dataGenerator/DataGenerator.java,DataGeneratorTest,data-generator/src/test/java/com/datascience/gal/dataGenerator/DataGeneratorTest.java,234,7,2.92,38,13,12,medium,True,main,4,59,11970320721535061872,,"Main sampled class (Rank 4, CC 7)",unknown_but_builds_with_jdk8,repair_stage,maven,mvn -U -s ../../repair_configs/3526892/settings_retry.xml test-compile -DskipTests -Dcheckstyle.skip=true -Dspotless.check.skip=true -Dlicense.skip=true -Dgpg.skip=true -Ddocker.skip=true -Dfrontend.skip=true,mvn -U -s ../../repair_configs/3526892/settings_retry.xml test-compile -DskipTests -Dcheckstyle.skip=true -Dspotless.check.skip=true -Dlicense.skip=true -Dgpg.skip=true -Ddocker.skip=true -Dfrontend.skip=true,mvn -U -s ../../repair_configs/3526892/settings_retry.xml test-compile -DskipTests -Dcheckstyle.skip=true -Dspotless.check.skip=true -Dlicense.skip=true -Dgpg.skip=true -Ddocker.skip=true -Dfrontend.skip=true,,"['checkstyle.skip', 'spotless.check.skip', 'license.skip', 'gpg.skip', 'docker.skip', 'frontend.skip']",[],recipe_3526892,logs/repair/3526892_20260713_192338_attempt_2.log,curated_repair
89562636,https://github.com/ARMmbed/java-coap,9f74a3ae0aa1cdf9a8109bf58a113e4893683271,TransactionManager,coap-core/src/main/java/com/mbed/coap/server/internal/TransactionManager.java,TransactionManagerTest,coap-core/src/test/java/com/mbed/coap/server/internal/TransactionManagerTest.java,98,6,2.33,21,9,8,medium,True,main,1,76,2943542859354608868,,"Main sampled class (Rank 1, CC 6)",8,pom.xml,maven,mvn dependency:go-offline -DskipTests,mvn test-compile -DskipTests,mvn test-compile -DskipTests,repos/successful/89562636,[],[],recipe_89562636,logs/build/89562636_20260712_230641_attempt_1.log,
89562636,https://github.com/ARMmbed/java-coap,9f74a3ae0aa1cdf9a8109bf58a113e4893683271,CoapPacket,coap-core/src/main/java/com/mbed/coap/packet/CoapPacket.java,CoapPacketTest,coap-core/src/test/java/com/mbed/coap/packet/CoapPacketTest.java,365,12,2.38,100,42,37,high,True,main,2,76,2943542859354608868,,"Main sampled class (Rank 2, CC 12)",8,pom.xml,maven,mvn dependency:go-offline -DskipTests,mvn test-compile -DskipTests,mvn test-compile -DskipTests,repos/successful/89562636,[],[],recipe_89562636,logs/build/89562636_20260712_230641_attempt_1.log,
89562636,https://github.com/ARMmbed/java-coap,9f74a3ae0aa1cdf9a8109bf58a113e4893683271,CoapPacket,coap-core/src/main/java/com/mbed/coap/packet/CoapPacket.java,CoapPacketTest,coap-core/src/test/java/com/mbed/coap/packet/CoapPacketTest.java,365,12,2.38,100,42,37,high,True,main,3,76,2943542859354608868,,"Main sampled class (Rank 3, CC 12)",8,pom.xml,maven,mvn dependency:go-offline -DskipTests,mvn test-compile -DskipTests,mvn test-compile -DskipTests,repos/successful/89562636,[],[],recipe_89562636,logs/build/89562636_20260712_230641_attempt_1.log,
89562636,https://github.com/ARMmbed/java-coap,9f74a3ae0aa1cdf9a8109bf58a113e4893683271,CoapPacket,coap-core/src/main/java/com/mbed/coap/packet/CoapPacket.java,CoapPacketTest,coap-core/src/test/java/com/mbed/coap/packet/CoapPacketTest.java,365,12,2.38,100,42,37,high,True,main,4,76,2943542859354608868,,"Main sampled class (Rank 4, CC 12)",8,pom.xml,maven,mvn dependency:go-offline -DskipTests,mvn test-compile -DskipTests,mvn test-compile -DskipTests,repos/successful/89562636,[],[],recipe_89562636,logs/build/89562636_20260712_230641_attempt_1.log,
89562636,https://github.com/ARMmbed/java-coap,9f74a3ae0aa1cdf9a8109bf58a113e4893683271,CoapPacket,coap-core/src/main/java/com/mbed/coap/packet/CoapPacket.java,CoapPacketTest,coap-core/src/test/java/com/mbed/coap/packet/CoapPacketTest.java,365,12,2.38,100,42,37,high,True,main,5,76,2943542859354608868,,"Main sampled class (Rank 5, CC 12)",8,pom.xml,maven,mvn dependency:go-offline -DskipTests,mvn test-compile -DskipTests,mvn test-compile -DskipTests,repos/successful/89562636,[],[],recipe_89562636,logs/build/89562636_20260712_230641_attempt_1.log,
89562636,https://github.com/ARMmbed/java-coap,9f74a3ae0aa1cdf9a8109bf58a113e4893683271,CoapPacket,coap-core/src/main/java/com/mbed/coap/packet/CoapPacket.java,CoapPacketTest,coap-core/src/test/java/com/mbed/coap/packet/CoapPacketTest.java,365,12,2.38,100,42,37,high,True,main,6,76,2943542859354608868,,"Main sampled class (Rank 6, CC 12)",8,pom.xml,maven,mvn dependency:go-offline -DskipTests,mvn test-compile -DskipTests,mvn test-compile -DskipTests,repos/successful/89562636,[],[],recipe_89562636,logs/build/89562636_20260712_230641_attempt_1.log,
89562636,https://github.com/ARMmbed/java-coap,9f74a3ae0aa1cdf9a8109bf58a113e4893683271,CoapPacket,coap-core/src/main/java/com/mbed/coap/packet/CoapPacket.java,CoapPacketTest,coap-core/src/test/java/com/mbed/coap/packet/CoapPacketTest.java,365,12,2.38,100,42,37,high,True,main,7,76,2943542859354608868,,"Main sampled class (Rank 7, CC 12)",8,pom.xml,maven,mvn dependency:go-offline -DskipTests,mvn test-compile -DskipTests,mvn test-compile -DskipTests,repos/successful/89562636,[],[],recipe_89562636,logs/build/89562636_20260712_230641_attempt_1.log,
89562636,https://github.com/ARMmbed/java-coap,9f74a3ae0aa1cdf9a8109bf58a113e4893683271,CoapPacket,coap-core/src/main/java/com/mbed/coap/packet/CoapPacket.java,CoapPacketTest,coap-core/src/test/java/com/mbed/coap/packet/CoapPacketTest.java,365,12,2.38,100,42,37,high,True,main,8,76,2943542859354608868,,"Main sampled class (Rank 8, CC 12)",8,pom.xml,maven,mvn dependency:go-offline -DskipTests,mvn test-compile -DskipTests,mvn test-compile -DskipTests,repos/successful/89562636,[],[],recipe_89562636,logs/build/89562636_20260712_230641_attempt_1.log,
89562636,https://github.com/ARMmbed/java-coap,9f74a3ae0aa1cdf9a8109bf58a113e4893683271,CoapPacket,coap-core/src/main/java/com/mbed/coap/packet/CoapPacket.java,CoapPacketTest,coap-core/src/test/java/com/mbed/coap/packet/CoapPacketTest.java,365,12,2.38,100,42,37,high,True,main,9,76,2943542859354608868,,"Main sampled class (Rank 9, CC 12)",8,pom.xml,maven,mvn dependency:go-offline -DskipTests,mvn test-compile -DskipTests,mvn test-compile -DskipTests,repos/successful/89562636,[],[],recipe_89562636,logs/build/89562636_20260712_230641_attempt_1.log,
89562636,https://github.com/ARMmbed/java-coap,9f74a3ae0aa1cdf9a8109bf58a113e4893683271,CoapPacket,coap-core/src/main/java/com/mbed/coap/packet/CoapPacket.java,CoapPacketTest,coap-core/src/test/java/com/mbed/coap/packet/CoapPacketTest.java,365,12,2.38,100,42,37,high,True,main,10,76,2943542859354608868,,"Main sampled class (Rank 10, CC 12)",8,pom.xml,maven,mvn dependency:go-offline -DskipTests,mvn test-compile -DskipTests,mvn test-compile -DskipTests,repos/successful/89562636,[],[],recipe_89562636,logs/build/89562636_20260712_230641_attempt_1.log,
89562636,https://github.com/ARMmbed/java-coap,9f74a3ae0aa1cdf9a8109bf58a113e4893683271,CoapPacket,coap-core/src/main/java/com/mbed/coap/packet/CoapPacket.java,CoapPacketTest,coap-core/src/test/java/com/mbed/coap/packet/CoapPacketTest.java,365,12,2.38,100,42,37,high,True,main,11,76,2943542859354608868,,"Main sampled class (Rank 11, CC 12)",8,pom.xml,maven,mvn dependency:go-offline -DskipTests,mvn test-compile -DskipTests,mvn test-compile -DskipTests,repos/successful/89562636,[],[],recipe_89562636,logs/build/89562636_20260712_230641_attempt_1.log,
89562636,https://github.com/ARMmbed/java-coap,9f74a3ae0aa1cdf9a8109bf58a113e4893683271,CoapTcpCSM,coap-core/src/main/java/com/mbed/coap/server/internal/CoapTcpCSM.java,CoapTcpCSMTest,coap-core/src/test/java/com/mbed/coap/server/internal/CoapTcpCSMTest.java,104,9,2.69,35,13,13,high,True,main,12,76,2943542859354608868,,"Main sampled class (Rank 12, CC 9)",8,pom.xml,maven,mvn dependency:go-offline -DskipTests,mvn test-compile -DskipTests,mvn test-compile -DskipTests,repos/successful/89562636,[],[],recipe_89562636,logs/build/89562636_20260712_230641_attempt_1.log,
89562636,https://github.com/ARMmbed/java-coap,9f74a3ae0aa1cdf9a8109bf58a113e4893683271,CoapTcpCSM,coap-core/src/main/java/com/mbed/coap/server/internal/CoapTcpCSM.java,CoapTcpCSMTest,coap-core/src/test/java/com/mbed/coap/server/internal/CoapTcpCSMTest.java,104,9,2.69,35,13,13,high,True,main,13,76,2943542859354608868,,"Main sampled class (Rank 13, CC 9)",8,pom.xml,maven,mvn dependency:go-offline -DskipTests,mvn test-compile -DskipTests,mvn test-compile -DskipTests,repos/successful/89562636,[],[],recipe_89562636,logs/build/89562636_20260712_230641_attempt_1.log,
89562636,https://github.com/ARMmbed/java-coap,9f74a3ae0aa1cdf9a8109bf58a113e4893683271,CoapTcpCSM,coap-core/src/main/java/com/mbed/coap/server/internal/CoapTcpCSM.java,CoapTcpCSMTest,coap-core/src/test/java/com/mbed/coap/server/internal/CoapTcpCSMTest.java,104,9,2.69,35,13,13,high,True,main,14,76,2943542859354608868,,"Main sampled class (Rank 14, CC 9)",8,pom.xml,maven,mvn dependency:go-offline -DskipTests,mvn test-compile -DskipTests,mvn test-compile -DskipTests,repos/successful/89562636,[],[],recipe_89562636,logs/build/89562636_20260712_230641_attempt_1.log,
89562636,https://github.com/ARMmbed/java-coap,9f74a3ae0aa1cdf9a8109bf58a113e4893683271,CoapTcpCSM,coap-core/src/main/java/com/mbed/coap/server/internal/CoapTcpCSM.java,CoapTcpCSMTest,coap-core/src/test/java/com/mbed/coap/server/internal/CoapTcpCSMTest.java,104,9,2.69,35,13,13,high,True,main,15,76,2943542859354608868,,"Main sampled class (Rank 15, CC 9)",8,pom.xml,maven,mvn dependency:go-offline -DskipTests,mvn test-compile -DskipTests,mvn test-compile -DskipTests,repos/successful/89562636,[],[],recipe_89562636,logs/build/89562636_20260712_230641_attempt_1.log,
89562636,https://github.com/ARMmbed/java-coap,9f74a3ae0aa1cdf9a8109bf58a113e4893683271,CoapTcpCSM,coap-core/src/main/java/com/mbed/coap/server/internal/CoapTcpCSM.java,CoapTcpCSMTest,coap-core/src/test/java/com/mbed/coap/server/internal/CoapTcpCSMTest.java,104,9,2.69,35,13,13,high,True,main,16,76,2943542859354608868,,"Main sampled class (Rank 16, CC 9)",8,pom.xml,maven,mvn dependency:go-offline -DskipTests,mvn test-compile -DskipTests,mvn test-compile -DskipTests,repos/successful/89562636,[],[],recipe_89562636,logs/build/89562636_20260712_230641_attempt_1.log,
89562636,https://github.com/ARMmbed/java-coap,9f74a3ae0aa1cdf9a8109bf58a113e4893683271,ResourceModel,lwm2m/src/main/java/com/mbed/lwm2m/model/ResourceModel.java,ResourceModelTest,lwm2m/src/test/java/com/mbed/lwm2m/model/ResourceModelTest.java,103,9,1.5,24,16,15,high,True,main,17,76,2943542859354608868,,"Main sampled class (Rank 17, CC 9)",8,pom.xml,maven,mvn dependency:go-offline -DskipTests,mvn test-compile -DskipTests,mvn test-compile -DskipTests,repos/successful/89562636,[],[],recipe_89562636,logs/build/89562636_20260712_230641_attempt_1.log,
89562636,https://github.com/ARMmbed/java-coap,9f74a3ae0aa1cdf9a8109bf58a113e4893683271,ResourceModel,lwm2m/src/main/java/com/mbed/lwm2m/model/ResourceModel.java,ResourceModelTest,lwm2m/src/test/java/com/mbed/lwm2m/model/ResourceModelTest.java,103,9,1.5,24,16,15,high,True,main,18,76,2943542859354608868,,"Main sampled class (Rank 18, CC 9)",8,pom.xml,maven,mvn dependency:go-offline -DskipTests,mvn test-compile -DskipTests,mvn test-compile -DskipTests,repos/successful/89562636,[],[],recipe_89562636,logs/build/89562636_20260712_230641_attempt_1.log,
89562636,https://github.com/ARMmbed/java-coap,9f74a3ae0aa1cdf9a8109bf58a113e4893683271,ResourceModel,lwm2m/src/main/java/com/mbed/lwm2m/model/ResourceModel.java,ResourceModelTest,lwm2m/src/test/java/com/mbed/lwm2m/model/ResourceModelTest.java,103,9,1.5,24,16,15,high,True,main,19,76,2943542859354608868,,"Main sampled class (Rank 19, CC 9)",8,pom.xml,maven,mvn dependency:go-offline -DskipTests,mvn test-compile -DskipTests,mvn test-compile -DskipTests,repos/successful/89562636,[],[],recipe_89562636,logs/build/89562636_20260712_230641_attempt_1.log,
89562636,https://github.com/ARMmbed/java-coap,9f74a3ae0aa1cdf9a8109bf58a113e4893683271,ResourceModel,lwm2m/src/main/java/com/mbed/lwm2m/model/ResourceModel.java,ResourceModelTest,lwm2m/src/test/java/com/mbed/lwm2m/model/ResourceModelTest.java,103,9,1.5,24,16,15,high,True,main,20,76,2943542859354608868,,"Main sampled class (Rank 20, CC 9)",8,pom.xml,maven,mvn dependency:go-offline -DskipTests,mvn test-compile -DskipTests,mvn test-compile -DskipTests,repos/successful/89562636,[],[],recipe_89562636,logs/build/89562636_20260712_230641_attempt_1.log,
89562636,https://github.com/ARMmbed/java-coap,9f74a3ae0aa1cdf9a8109bf58a113e4893683271,ResourceModel,lwm2m/src/main/java/com/mbed/lwm2m/model/ResourceModel.java,ResourceModelTest,lwm2m/src/test/java/com/mbed/lwm2m/model/ResourceModelTest.java,103,9,1.5,24,16,15,high,True,main,21,76,2943542859354608868,,"Main sampled class (Rank 21, CC 9)",8,pom.xml,maven,mvn dependency:go-offline -DskipTests,mvn test-compile -DskipTests,mvn test-compile -DskipTests,repos/successful/89562636,[],[],recipe_89562636,logs/build/89562636_20260712_230641_attempt_1.log,
89562636,https://github.com/ARMmbed/java-coap,9f74a3ae0aa1cdf9a8109bf58a113e4893683271,ResourceModel,lwm2m/src/main/java/com/mbed/lwm2m/model/ResourceModel.java,ResourceModelTest,lwm2m/src/test/java/com/mbed/lwm2m/model/ResourceModelTest.java,103,9,1.5,24,16,15,high,True,main,22,76,2943542859354608868,,"Main sampled class (Rank 22, CC 9)",8,pom.xml,maven,mvn dependency:go-offline -DskipTests,mvn test-compile -DskipTests,mvn test-compile -DskipTests,repos/successful/89562636,[],[],recipe_89562636,logs/build/89562636_20260712_230641_attempt_1.log,
89562636,https://github.com/ARMmbed/java-coap,9f74a3ae0aa1cdf9a8109bf58a113e4893683271,ResourceModel,lwm2m/src/main/java/com/mbed/lwm2m/model/ResourceModel.java,ResourceModelTest,lwm2m/src/test/java/com/mbed/lwm2m/model/ResourceModelTest.java,103,9,1.5,24,16,15,high,True,main,23,76,2943542859354608868,,"Main sampled class (Rank 23, CC 9)",8,pom.xml,maven,mvn dependency:go-offline -DskipTests,mvn test-compile -DskipTests,mvn test-compile -DskipTests,repos/successful/89562636,[],[],recipe_89562636,logs/build/89562636_20260712_230641_attempt_1.log,
89562636,https://github.com/ARMmbed/java-coap,9f74a3ae0aa1cdf9a8109bf58a113e4893683271,ResourceModel,lwm2m/src/main/java/com/mbed/lwm2m/model/ResourceModel.java,ResourceModelTest,lwm2m/src/test/java/com/mbed/lwm2m/model/ResourceModelTest.java,103,9,1.5,24,16,15,high,True,main,24,76,2943542859354608868,,"Main sampled class (Rank 24, CC 9)",8,pom.xml,maven,mvn dependency:go-offline -DskipTests,mvn test-compile -DskipTests,mvn test-compile -DskipTests,repos/successful/89562636,[],[],recipe_89562636,logs/build/89562636_20260712_230641_attempt_1.log,
