sample_index,class_key,project,repo_id,module,scope_key,build_tool,focal_class,test_class,status,fail_stage,duration_sec,sandbox_path,detail
0,3713233:core/src/main/java/org/junithelper/core/util/stderr.java,3713233,3713233,core,maven:core,Maven,Stderr,Stderr_RBL4_7234130bTest,PASS,ok,6.045,D:\A_ThucNghiem\scripts_v2\workspaces\20260724_010022_d3f7f7b1__baseline_readiness\000_3713233_7234130b,sandbox readiness passed
1,3713233:core/src/main/java/org/junithelper/core/util/threadutil.java,3713233,3713233,core,maven:core,Maven,ThreadUtil,ThreadUtil_RBL4_f790382eTest,PASS,ok,6.042,D:\A_ThucNghiem\scripts_v2\workspaces\20260724_010022_d3f7f7b1__baseline_readiness\001_3713233_f790382e,sandbox readiness passed
2,3713233:core/src/main/java/org/junithelper/core/meta/returntypemeta.java,3713233,3713233,core,maven:core,Maven,ReturnTypeMeta,ReturnTypeMeta_RBL4_d95af645Test,PASS,ok,6.054,D:\A_ThucNghiem\scripts_v2\workspaces\20260724_010022_d3f7f7b1__baseline_readiness\002_3713233_d95af645,sandbox readiness passed
3,3713233:core/src/main/java/org/junithelper/core/meta/argtypemeta.java,3713233,3713233,core,maven:core,Maven,ArgTypeMeta,ArgTypeMeta_RBL4_5cccf4b4Test,PASS,ok,6.04,D:\A_ThucNghiem\scripts_v2\workspaces\20260724_010022_d3f7f7b1__baseline_readiness\003_3713233_5cccf4b4,sandbox readiness passed
4,3713233:core/src/main/java/org/junithelper/core/generator/linebreakprovider.java,3713233,3713233,core,maven:core,Maven,LineBreakProvider,LineBreakProvider_RBL4_dcf587c0Test,PASS,ok,1.919,D:\A_ThucNghiem\scripts_v2\workspaces\20260724_010022_d3f7f7b1__baseline_readiness\004_3713233_dcf587c0,sandbox readiness passed
5,3713233:core/src/main/java/org/junithelper/command/forcejunitversion3command.java,3713233,3713233,core,maven:core,Maven,ForceJUnitVersion3Command,ForceJUnitVersion3Command_RBL4_87a370f3Test,PASS,ok,1.657,D:\A_ThucNghiem\scripts_v2\workspaces\20260724_010022_d3f7f7b1__baseline_readiness\005_3713233_87a370f3,sandbox readiness passed
6,3713233:core/src/main/java/org/junithelper/core/util/primitivetypeutil.java,3713233,3713233,core,maven:core,Maven,PrimitiveTypeUtil,PrimitiveTypeUtil_RBL4_0aa8a201Test,PASS,ok,1.854,D:\A_ThucNghiem\scripts_v2\workspaces\20260724_010022_d3f7f7b1__baseline_readiness\006_3713233_0aa8a201,sandbox readiness passed
7,3713233:core/src/main/java/org/junithelper/core/filter/impl/triminsideofbracefilter.java,3713233,3713233,core,maven:core,Maven,TrimInsideOfBraceFilter,TrimInsideOfBraceFilter_RBL4_4b7d40a8Test,PASS,ok,1.915,D:\A_ThucNghiem\scripts_v2\workspaces\20260724_010022_d3f7f7b1__baseline_readiness\007_3713233_4b7d40a8,sandbox readiness passed
8,3847504:modules/weblounge-common/src/main/java/ch/entwine/weblounge/common/impl/language/localizablecontent.java,3847504,3847504,modules/weblounge-common,maven:modules/weblounge-common,Maven,LocalizableContent,LocalizableContent_RBL4_9f4346c7Test,PASS,ok,183.694,D:\A_ThucNghiem\scripts_v2\workspaces\20260724_010022_d3f7f7b1__baseline_readiness\008_3847504_9f4346c7,sandbox readiness passed
9,3847504:modules/weblounge-common/src/main/java/ch/entwine/weblounge/common/impl/url/urlimpl.java,3847504,3847504,modules/weblounge-common,maven:modules/weblounge-common,Maven,UrlImpl,UrlImpl_RBL4_8ce169b0Test,PASS,ok,196.019,D:\A_ThucNghiem\scripts_v2\workspaces\20260724_010022_d3f7f7b1__baseline_readiness\009_3847504_8ce169b0,sandbox readiness passed
10,3847504:modules/weblounge-common/src/main/java/ch/entwine/weblounge/common/impl/content/page/scriptimpl.java,3847504,3847504,modules/weblounge-common,maven:modules/weblounge-common,Maven,ScriptImpl,ScriptImpl_RBL4_1794d49eTest,PASS,ok,208.644,D:\A_ThucNghiem\scripts_v2\workspaces\20260724_010022_d3f7f7b1__baseline_readiness\010_3847504_1794d49e,sandbox readiness passed
11,3847504:modules/weblounge-common/src/main/java/ch/entwine/weblounge/common/impl/content/page/pageleturiimpl.java,3847504,3847504,modules/weblounge-common,maven:modules/weblounge-common,Maven,PageletURIImpl,PageletURIImpl_RBL4_a30ec522Test,PASS,ok,170.812,D:\A_ThucNghiem\scripts_v2\workspaces\20260724_010022_d3f7f7b1__baseline_readiness\011_3847504_a30ec522,sandbox readiness passed
12,3847504:modules/weblounge-common/src/main/java/ch/entwine/weblounge/common/impl/scheduler/periodicjobtrigger.java,3847504,3847504,modules/weblounge-common,maven:modules/weblounge-common,Maven,PeriodicJobTrigger,PeriodicJobTrigger_RBL4_4c73c73cTest,PASS,ok,52.532,D:\A_ThucNghiem\scripts_v2\workspaces\20260724_010022_d3f7f7b1__baseline_readiness\012_3847504_4c73c73c,sandbox readiness passed
13,3847504:modules/weblounge-common/src/main/java/ch/entwine/weblounge/common/impl/security/siteadminimpl.java,3847504,3847504,modules/weblounge-common,maven:modules/weblounge-common,Maven,SiteAdminImpl,SiteAdminImpl_RBL4_17e4fcfbTest,PASS,ok,54.566,D:\A_ThucNghiem\scripts_v2\workspaces\20260724_010022_d3f7f7b1__baseline_readiness\013_3847504_17e4fcfb,sandbox readiness passed
14,3847504:modules/weblounge-common/src/main/java/ch/entwine/weblounge/common/impl/content/page/pageletrendererimpl.java,3847504,3847504,modules/weblounge-common,maven:modules/weblounge-common,Maven,PageletRendererImpl,PageletRendererImpl_RBL4_a6858dc4Test,PASS,ok,58.489,D:\A_ThucNghiem\scripts_v2\workspaces\20260724_010022_d3f7f7b1__baseline_readiness\014_3847504_a6858dc4,sandbox readiness passed
15,3847504:modules/weblounge-common/src/main/java/ch/entwine/weblounge/common/impl/url/weburlimpl.java,3847504,3847504,modules/weblounge-common,maven:modules/weblounge-common,Maven,WebUrlImpl,WebUrlImpl_RBL4_0a423268Test,PASS,ok,60.05,D:\A_ThucNghiem\scripts_v2\workspaces\20260724_010022_d3f7f7b1__baseline_readiness\015_3847504_0a423268,sandbox readiness passed
16,39195736:sonar-jproperties-plugin/src/main/java/org/sonar/plugins/jproperties/javapropertiesplugin.java,39195736,39195736,sonar-jproperties-plugin,maven:sonar-jproperties-plugin,Maven,JavaPropertiesPlugin,JavaPropertiesPlugin_RBL4_f9bc17aaTest,PASS,ok,25.814,D:\A_ThucNghiem\scripts_v2\workspaces\20260724_010022_d3f7f7b1__baseline_readiness\016_39195736_f9bc17aa,sandbox readiness passed
17,39195736:jproperties-checks/src/main/java/org/sonar/jproperties/checks/generic/toomanykeyscheck.java,39195736,39195736,jproperties-checks,maven:jproperties-checks,Maven,TooManyKeysCheck,TooManyKeysCheck_RBL4_3d24a470Test,PASS,ok,16.397,D:\A_ThucNghiem\scripts_v2\workspaces\20260724_010022_d3f7f7b1__baseline_readiness\017_39195736_3d24a470,sandbox readiness passed
18,39195736:jproperties-checks/src/main/java/org/sonar/jproperties/checks/generic/keynamingconventioncheck.java,39195736,39195736,jproperties-checks,maven:jproperties-checks,Maven,KeyNamingConventionCheck,KeyNamingConventionCheck_RBL4_e39f864dTest,PASS,ok,18.978,D:\A_ThucNghiem\scripts_v2\workspaces\20260724_010022_d3f7f7b1__baseline_readiness\018_39195736_e39f864d,sandbox readiness passed
19,39195736:jproperties-checks/src/main/java/org/sonar/jproperties/checks/generic/linelengthcheck.java,39195736,39195736,jproperties-checks,maven:jproperties-checks,Maven,LineLengthCheck,LineLengthCheck_RBL4_9e0529baTest,PASS,ok,27.311,D:\A_ThucNghiem\scripts_v2\workspaces\20260724_010022_d3f7f7b1__baseline_readiness\019_39195736_9e0529ba,sandbox readiness passed
20,39195736:jproperties-checks/src/main/java/org/sonar/jproperties/checks/generic/commentconventioncheck.java,39195736,39195736,jproperties-checks,maven:jproperties-checks,Maven,CommentConventionCheck,CommentConventionCheck_RBL4_9bdc6cb7Test,PASS,ok,39.355,D:\A_ThucNghiem\scripts_v2\workspaces\20260724_010022_d3f7f7b1__baseline_readiness\020_39195736_9bdc6cb7,sandbox readiness passed
21,39195736:jproperties-checks/src/main/java/org/sonar/jproperties/checks/generic/duplicatedvaluescheck.java,39195736,39195736,jproperties-checks,maven:jproperties-checks,Maven,DuplicatedValuesCheck,DuplicatedValuesCheck_RBL4_5ebd9ad4Test,PASS,ok,40.142,D:\A_ThucNghiem\scripts_v2\workspaces\20260724_010022_d3f7f7b1__baseline_readiness\021_39195736_5ebd9ad4,sandbox readiness passed
22,39195736:sonar-jproperties-plugin/src/main/java/org/sonar/plugins/jproperties/javapropertiessquidsensor.java,39195736,39195736,sonar-jproperties-plugin,maven:sonar-jproperties-plugin,Maven,JavaPropertiesSquidSensor,JavaPropertiesSquidSensor_RBL4_4233fc4aTest,PASS,ok,16.499,D:\A_ThucNghiem\scripts_v2\workspaces\20260724_010022_d3f7f7b1__baseline_readiness\022_39195736_4233fc4a,sandbox readiness passed
23,39195736:jproperties-checks/src/main/java/org/sonar/jproperties/checks/generic/hardcodedcredentialscheck.java,39195736,39195736,jproperties-checks,maven:jproperties-checks,Maven,HardCodedCredentialsCheck,HardCodedCredentialsCheck_RBL4_931043c2Test,PASS,ok,40.995,D:\A_ThucNghiem\scripts_v2\workspaces\20260724_010022_d3f7f7b1__baseline_readiness\023_39195736_931043c2,sandbox readiness passed
24,41547678:turin-compiler/src/main/java/me/tomassetti/turin/typesystem/voidtypeusage.java,41547678,41547678,turin-compiler,maven:turin-compiler,Maven,VoidTypeUsage,VoidTypeUsage_RBL4_cbda56d1Test,PASS,ok,22.712,D:\A_ThucNghiem\scripts_v2\workspaces\20260724_010022_d3f7f7b1__baseline_readiness\024_41547678_cbda56d1,sandbox readiness passed
25,41547678:turin-standard-library/src/main/java/turin/relations/onetomanyrelation.java,41547678,41547678,turin-standard-library,maven:turin-standard-library,Maven,OneToManyRelation,OneToManyRelation_RBL4_0ba40af0Test,PASS,ok,0.285,D:\A_ThucNghiem\scripts_v2\workspaces\20260724_010022_d3f7f7b1__baseline_readiness\025_41547678_0ba40af0,sandbox readiness passed
26,41547678:turin-compiler/src/main/java/me/tomassetti/turin/typesystem/arraytypeusage.java,41547678,41547678,turin-compiler,maven:turin-compiler,Maven,ArrayTypeUsage,ArrayTypeUsage_RBL4_cf9a0032Test,PASS,ok,28.257,D:\A_ThucNghiem\scripts_v2\workspaces\20260724_010022_d3f7f7b1__baseline_readiness\026_41547678_cf9a0032,sandbox readiness passed
27,41547678:turin-compiler/src/main/java/me/tomassetti/turin/typesystem/invokablereferencetypeusage.java,41547678,41547678,turin-compiler,maven:turin-compiler,Maven,InvokableReferenceTypeUsage,InvokableReferenceTypeUsage_RBL4_9b774e58Test,PASS,ok,26.722,D:\A_ThucNghiem\scripts_v2\workspaces\20260724_010022_d3f7f7b1__baseline_readiness\027_41547678_9b774e58,sandbox readiness passed
28,41547678:turin-compiler/src/main/java/me/tomassetti/turin/typesystem/primitivetypeusage.java,41547678,41547678,turin-compiler,maven:turin-compiler,Maven,PrimitiveTypeUsage,PrimitiveTypeUsage_RBL4_d8ff3e11Test,PASS,ok,38.839,D:\A_ThucNghiem\scripts_v2\workspaces\20260724_010022_d3f7f7b1__baseline_readiness\028_41547678_d8ff3e11,sandbox readiness passed
29,41547678:turin-compiler/src/main/java/me/tomassetti/turin/compiler/paramutils.java,41547678,41547678,turin-compiler,maven:turin-compiler,Maven,ParamUtils,ParamUtils_RBL4_6e5d9f86Test,PASS,ok,40.674,D:\A_ThucNghiem\scripts_v2\workspaces\20260724_010022_d3f7f7b1__baseline_readiness\029_41547678_6e5d9f86,sandbox readiness passed
30,41547678:turin-compiler/src/main/java/me/tomassetti/turin/parser/ast/qualifiedname.java,41547678,41547678,turin-compiler,maven:turin-compiler,Maven,QualifiedName,QualifiedName_RBL4_3bf6f68aTest,PASS,ok,79.459,D:\A_ThucNghiem\scripts_v2\workspaces\20260724_010022_d3f7f7b1__baseline_readiness\030_41547678_3bf6f68a,sandbox readiness passed
31,41547678:turin-compiler/src/main/java/me/tomassetti/turin/parser/ast/turintypedefinition.java,41547678,41547678,turin-compiler,maven:turin-compiler,Maven,TurinTypeDefinition,TurinTypeDefinition_RBL4_09c89a18Test,PASS,ok,115.795,D:\A_ThucNghiem\scripts_v2\workspaces\20260724_010022_d3f7f7b1__baseline_readiness\031_41547678_09c89a18,sandbox readiness passed
32,41627638:leetcode/battleships-in-a-board/src/main/java/com/github/singlenumber/solution.java,41627638,41627638,leetcode/battleships-in-a-board,gradle:leetcode/battleships-in-a-board,Gradle,Solution,Solution_RBL4_899cbe08Test,PASS,ok,30.529,D:\A_ThucNghiem\scripts_v2\workspaces\20260724_010022_d3f7f7b1__baseline_readiness\032_41627638_899cbe08,sandbox readiness passed
33,41627638:leetcode/battleships-in-a-board/src/main/java/com/github/invertbinarytree/solution.java,41627638,41627638,leetcode/battleships-in-a-board,gradle:leetcode/battleships-in-a-board,Gradle,Solution,Solution_RBL4_900e296fTest,PASS,ok,17.603,D:\A_ThucNghiem\scripts_v2\workspaces\20260724_010022_d3f7f7b1__baseline_readiness\033_41627638_900e296f,sandbox readiness passed
34,41627638:leetcode/battleships-in-a-board/src/main/java/com/github/maximumdepthofbinarytree/solution.java,41627638,41627638,leetcode/battleships-in-a-board,gradle:leetcode/battleships-in-a-board,Gradle,Solution,Solution_RBL4_194905a6Test,PASS,ok,34.16,D:\A_ThucNghiem\scripts_v2\workspaces\20260724_010022_d3f7f7b1__baseline_readiness\034_41627638_194905a6,sandbox readiness passed
35,41627638:leetcode/battleships-in-a-board/src/main/java/com/github/battleship/parser.java,41627638,41627638,leetcode/battleships-in-a-board,gradle:leetcode/battleships-in-a-board,Gradle,Parser,Parser_RBL4_6bf65714Test,PASS,ok,31.779,D:\A_ThucNghiem\scripts_v2\workspaces\20260724_010022_d3f7f7b1__baseline_readiness\035_41627638_6bf65714,sandbox readiness passed
36,41627638:leetcode/battleships-in-a-board/src/main/java/com/github/wordladder/solution.java,41627638,41627638,leetcode/battleships-in-a-board,gradle:leetcode/battleships-in-a-board,Gradle,Solution,Solution_RBL4_5af78817Test,PASS,ok,23.855,D:\A_ThucNghiem\scripts_v2\workspaces\20260724_010022_d3f7f7b1__baseline_readiness\036_41627638_5af78817,sandbox readiness passed
37,41627638:leetcode/battleships-in-a-board/src/main/java/com/github/movezeroes/solution.java,41627638,41627638,leetcode/battleships-in-a-board,gradle:leetcode/battleships-in-a-board,Gradle,Solution,Solution_RBL4_2857f9c6Test,PASS,ok,34.957,D:\A_ThucNghiem\scripts_v2\workspaces\20260724_010022_d3f7f7b1__baseline_readiness\037_41627638_2857f9c6,sandbox readiness passed
38,41627638:leetcode/battleships-in-a-board/src/main/java/com/github/reverselinkedlist/solution.java,41627638,41627638,leetcode/battleships-in-a-board,gradle:leetcode/battleships-in-a-board,Gradle,Solution,Solution_RBL4_9f4d73afTest,PASS,ok,37.838,D:\A_ThucNghiem\scripts_v2\workspaces\20260724_010022_d3f7f7b1__baseline_readiness\038_41627638_9f4d73af,sandbox readiness passed
39,41627638:leetcode/battleships-in-a-board/src/main/java/com/github/islandperimeter/solution.java,41627638,41627638,leetcode/battleships-in-a-board,gradle:leetcode/battleships-in-a-board,Gradle,Solution,Solution_RBL4_562560bfTest,PASS,ok,26.416,D:\A_ThucNghiem\scripts_v2\workspaces\20260724_010022_d3f7f7b1__baseline_readiness\039_41627638_562560bf,sandbox readiness passed
40,43105609:weixin-mp/src/main/java/com/riversoft/weixin/mp/user/blacklists.java,43105609,43105609,weixin-mp,maven:weixin-mp,Maven,BlackLists,BlackLists_RBL4_840860a6Test,PASS,ok,50.17,D:\A_ThucNghiem\scripts_v2\workspaces\20260724_010022_d3f7f7b1__baseline_readiness\040_43105609_840860a6,sandbox readiness passed
41,43105609:weixin-mp/src/main/java/com/riversoft/weixin/mp/user/users.java,43105609,43105609,weixin-mp,maven:weixin-mp,Maven,Users,Users_RBL4_95026f6cTest,PASS,ok,22.322,D:\A_ThucNghiem\scripts_v2\workspaces\20260724_010022_d3f7f7b1__baseline_readiness\041_43105609_95026f6c,sandbox readiness passed
42,43105609:weixin-mp/src/main/java/com/riversoft/weixin/mp/menu/menus.java,43105609,43105609,weixin-mp,maven:weixin-mp,Maven,Menus,Menus_RBL4_2abcc2c1Test,PASS,ok,30.017,D:\A_ThucNghiem\scripts_v2\workspaces\20260724_010022_d3f7f7b1__baseline_readiness\042_43105609_2abcc2c1,sandbox readiness passed
43,43105609:weixin-mp/src/main/java/com/riversoft/weixin/mp/user/tags.java,43105609,43105609,weixin-mp,maven:weixin-mp,Maven,Tags,Tags_RBL4_07837a1cTest,PASS,ok,36.308,D:\A_ThucNghiem\scripts_v2\workspaces\20260724_010022_d3f7f7b1__baseline_readiness\043_43105609_07837a1c,sandbox readiness passed
44,43105609:weixin-mp/src/main/java/com/riversoft/weixin/mp/card/cards.java,43105609,43105609,weixin-mp,maven:weixin-mp,Maven,Cards,Cards_RBL4_1f16a0efTest,PASS,ok,32.916,D:\A_ThucNghiem\scripts_v2\workspaces\20260724_010022_d3f7f7b1__baseline_readiness\044_43105609_1f16a0ef,sandbox readiness passed
45,43105609:weixin-mp/src/main/java/com/riversoft/weixin/mp/message/mpmessages.java,43105609,43105609,weixin-mp,maven:weixin-mp,Maven,MpMessages,MpMessages_RBL4_bb977cfcTest,PASS,ok,33.474,D:\A_ThucNghiem\scripts_v2\workspaces\20260724_010022_d3f7f7b1__baseline_readiness\045_43105609_bb977cfc,sandbox readiness passed
46,43105609:weixin-mp/src/main/java/com/riversoft/weixin/mp/jsapi/jsapis.java,43105609,43105609,weixin-mp,maven:weixin-mp,Maven,JsAPIs,JsAPIs_RBL4_b72d8019Test,PASS,ok,33.55,D:\A_ThucNghiem\scripts_v2\workspaces\20260724_010022_d3f7f7b1__baseline_readiness\046_43105609_b72d8019,sandbox readiness passed
47,43105609:weixin-mp/src/main/java/com/riversoft/weixin/mp/message/mpxmlmessages.java,43105609,43105609,weixin-mp,maven:weixin-mp,Maven,MpXmlMessages,MpXmlMessages_RBL4_368a2ac2Test,PASS,ok,33.83,D:\A_ThucNghiem\scripts_v2\workspaces\20260724_010022_d3f7f7b1__baseline_readiness\047_43105609_368a2ac2,sandbox readiness passed
48,44308560:src/robotframeworkcore/org.robotframework.ide.core-functions/src/main/java/org/rf/ide/core/execution/server/response/terminateexecution.java,44308560,44308560,src/RobotFrameworkCore/org.robotframework.ide.core-functions,maven:src/RobotFrameworkCore/org.robotframework.ide.core-functions,Maven,TerminateExecution,TerminateExecution_RBL4_2bc9cc41Test,PASS,ok,120.575,D:\A_ThucNghiem\scripts_v2\workspaces\20260724_010022_d3f7f7b1__baseline_readiness\048_44308560_2bc9cc41,sandbox readiness passed
49,44308560:src/robotframeworkcore/org.robotframework.ide.core-functions/src/main/java/org/rf/ide/core/execution/server/response/evaluatecondition.java,44308560,44308560,src/RobotFrameworkCore/org.robotframework.ide.core-functions,maven:src/RobotFrameworkCore/org.robotframework.ide.core-functions,Maven,EvaluateCondition,EvaluateCondition_RBL4_00edbe66Test,PASS,ok,112.136,D:\A_ThucNghiem\scripts_v2\workspaces\20260724_010022_d3f7f7b1__baseline_readiness\049_44308560_00edbe66,sandbox readiness passed
50,44308560:src/robotframeworkcore/org.robotframework.ide.core-functions/src/main/java/org/rf/ide/core/execution/server/agentserverversionschecker.java,44308560,44308560,src/RobotFrameworkCore/org.robotframework.ide.core-functions,maven:src/RobotFrameworkCore/org.robotframework.ide.core-functions,Maven,AgentServerVersionsChecker,AgentServerVersionsChecker_RBL4_17a13120Test,PASS,ok,103.745,D:\A_ThucNghiem\scripts_v2\workspaces\20260724_010022_d3f7f7b1__baseline_readiness\050_44308560_17a13120,sandbox readiness passed
51,44308560:src/robotframeworkcore/org.robotframework.ide.core-functions/src/main/java/org/rf/ide/core/execution/agent/event/resourceimportevent.java,44308560,44308560,src/RobotFrameworkCore/org.robotframework.ide.core-functions,maven:src/RobotFrameworkCore/org.robotframework.ide.core-functions,Maven,ResourceImportEvent,ResourceImportEvent_RBL4_fa900415Test,PASS,ok,95.28,D:\A_ThucNghiem\scripts_v2\workspaces\20260724_010022_d3f7f7b1__baseline_readiness\051_44308560_fa900415,sandbox readiness passed
52,44308560:src/robotframeworkcore/org.robotframework.ide.core-functions/src/main/java/org/rf/ide/core/environment/pythonversion.java,44308560,44308560,src/RobotFrameworkCore/org.robotframework.ide.core-functions,maven:src/RobotFrameworkCore/org.robotframework.ide.core-functions,Maven,PythonVersion,PythonVersion_RBL4_7d08f477Test,PASS,ok,6.425,D:\A_ThucNghiem\scripts_v2\workspaces\20260724_010022_d3f7f7b1__baseline_readiness\052_44308560_7d08f477,sandbox readiness passed
53,44308560:src/robotframeworkcore/org.robotframework.ide.core-functions/src/main/java/org/rf/ide/core/execution/agent/event/suiteendedevent.java,44308560,44308560,src/RobotFrameworkCore/org.robotframework.ide.core-functions,maven:src/RobotFrameworkCore/org.robotframework.ide.core-functions,Maven,SuiteEndedEvent,SuiteEndedEvent_RBL4_7aed3afcTest,PASS,ok,6.493,D:\A_ThucNghiem\scripts_v2\workspaces\20260724_010022_d3f7f7b1__baseline_readiness\053_44308560_7aed3afc,sandbox readiness passed
54,44308560:src/robotframeworkcore/org.robotframework.ide.core-functions/src/main/java/org/rf/ide/core/execution/debug/contexts/executablecallcontext.java,44308560,44308560,src/RobotFrameworkCore/org.robotframework.ide.core-functions,maven:src/RobotFrameworkCore/org.robotframework.ide.core-functions,Maven,ExecutableCallContext,ExecutableCallContext_RBL4_4fbd413bTest,PASS,ok,6.398,D:\A_ThucNghiem\scripts_v2\workspaces\20260724_010022_d3f7f7b1__baseline_readiness\054_44308560_4fbd413b,sandbox readiness passed
55,44308560:src/robotframeworkcore/org.robotframework.ide.core-functions/src/main/java/org/rf/ide/core/execution/agent/event/versionsevent.java,44308560,44308560,src/RobotFrameworkCore/org.robotframework.ide.core-functions,maven:src/RobotFrameworkCore/org.robotframework.ide.core-functions,Maven,VersionsEvent,VersionsEvent_RBL4_b783240eTest,PASS,ok,6.389,D:\A_ThucNghiem\scripts_v2\workspaces\20260724_010022_d3f7f7b1__baseline_readiness\055_44308560_b783240e,sandbox readiness passed
56,45997449:webrex/src/main/java/com/ebayopensource/webrex/resource/resourcefactory.java,45997449,45997449,WebRex,maven:WebRex,Maven,ResourceFactory,ResourceFactory_RBL4_d6d7f2bdTest,PASS,ok,9.404,D:\A_ThucNghiem\scripts_v2\workspaces\20260724_010022_d3f7f7b1__baseline_readiness\056_45997449_d6d7f2bd,sandbox readiness passed
57,45997449:webrex/src/main/java/com/ebayopensource/webrex/util/xmls.java,45997449,45997449,WebRex,maven:WebRex,Maven,Xmls,Xmls_RBL4_522a42d1Test,PASS,ok,9.396,D:\A_ThucNghiem\scripts_v2\workspaces\20260724_010022_d3f7f7b1__baseline_readiness\057_45997449_522a42d1,sandbox readiness passed
58,45997449:webrex/src/main/java/com/ebayopensource/webrex/util/reflects.java,45997449,45997449,WebRex,maven:WebRex,Maven,Reflects,Reflects_RBL4_ebe207aeTest,PASS,ok,9.384,D:\A_ThucNghiem\scripts_v2\workspaces\20260724_010022_d3f7f7b1__baseline_readiness\058_45997449_ebe207ae,sandbox readiness passed
59,45997449:webrex/src/main/java/com/ebayopensource/webrex/resource/resourceargumentsurn.java,45997449,45997449,WebRex,maven:WebRex,Maven,ResourceArgumentsUrn,ResourceArgumentsUrn_RBL4_4484f2f5Test,PASS,ok,9.302,D:\A_ThucNghiem\scripts_v2\workspaces\20260724_010022_d3f7f7b1__baseline_readiness\059_45997449_4484f2f5,sandbox readiness passed
60,45997449:webrex/src/main/java/com/ebayopensource/webrex/util/splitters.java,45997449,45997449,WebRex,maven:WebRex,Maven,Splitters,Splitters_RBL4_4e640540Test,PASS,ok,0.447,D:\A_ThucNghiem\scripts_v2\workspaces\20260724_010022_d3f7f7b1__baseline_readiness\060_45997449_4e640540,sandbox readiness passed
61,45997449:webrex/src/main/java/com/ebayopensource/webrex/util/joiners.java,45997449,45997449,WebRex,maven:WebRex,Maven,Joiners,Joiners_RBL4_dbe644b5Test,PASS,ok,0.454,D:\A_ThucNghiem\scripts_v2\workspaces\20260724_010022_d3f7f7b1__baseline_readiness\061_45997449_dbe644b5,sandbox readiness passed
62,45997449:webrex/src/main/java/com/ebayopensource/webrex/resource/cache/resourcecache.java,45997449,45997449,WebRex,maven:WebRex,Maven,ResourceCache,ResourceCache_RBL4_57adf17bTest,PASS,ok,0.437,D:\A_ThucNghiem\scripts_v2\workspaces\20260724_010022_d3f7f7b1__baseline_readiness\062_45997449_57adf17b,sandbox readiness passed
63,45997449:webrex/src/main/java/com/ebayopensource/webrex/resource/resourceurn.java,45997449,45997449,WebRex,maven:WebRex,Maven,ResourceUrn,ResourceUrn_RBL4_ef2a07abTest,PASS,ok,0.441,D:\A_ThucNghiem\scripts_v2\workspaces\20260724_010022_d3f7f7b1__baseline_readiness\063_45997449_ef2a07ab,sandbox readiness passed
64,46396068:hbase0.98/hbase-manager-0.98/src/main/java/com/kakao/hbase/manager/command/assign.java,46396068,46396068,hbase0.98/hbase-manager-0.98,maven:hbase0.98/hbase-manager-0.98,Maven,Assign,Assign_RBL4_9ed5bed6Test,PASS,ok,39.21,D:\A_ThucNghiem\scripts_v2\workspaces\20260724_010022_d3f7f7b1__baseline_readiness\064_46396068_9ed5bed6,sandbox readiness passed
65,46396068:hbase0.98/hbase-table-stat-0.98/src/main/java/com/kakao/hbase/stat/print/formatter.java,46396068,46396068,hbase0.98/hbase-table-stat-0.98,maven:hbase0.98/hbase-table-stat-0.98,Maven,Formatter,Formatter_RBL4_598cee20Test,PASS,ok,30.786,D:\A_ThucNghiem\scripts_v2\workspaces\20260724_010022_d3f7f7b1__baseline_readiness\065_46396068_598cee20,sandbox readiness passed
66,46396068:hbase0.98/hbase-common-0.98/src/main/java/com/kakao/hbase/common/util/decimalstringsplit.java,46396068,46396068,hbase0.98/hbase-common-0.98,maven:hbase0.98/hbase-common-0.98,Maven,DecimalStringSplit,DecimalStringSplit_RBL4_3a04c22aTest,PASS,ok,6.461,D:\A_ThucNghiem\scripts_v2\workspaces\20260724_010022_d3f7f7b1__baseline_readiness\066_46396068_3a04c22a,sandbox readiness passed
67,46396068:hbase0.98/hbase-manager-0.98/src/main/java/com/kakao/hbase/manager/manager.java,46396068,46396068,hbase0.98/hbase-manager-0.98,maven:hbase0.98/hbase-manager-0.98,Maven,Manager,Manager_RBL4_cc963dd8Test,PASS,ok,75.465,D:\A_ThucNghiem\scripts_v2\workspaces\20260724_010022_d3f7f7b1__baseline_readiness\067_46396068_cc963dd8,sandbox readiness passed
68,46396068:hbase0.98/hbase-manager-0.98/src/main/java/com/kakao/hbase/manager/command/balance.java,46396068,46396068,hbase0.98/hbase-manager-0.98,maven:hbase0.98/hbase-manager-0.98,Maven,Balance,Balance_RBL4_d86eb020Test,PASS,ok,113.668,D:\A_ThucNghiem\scripts_v2\workspaces\20260724_010022_d3f7f7b1__baseline_readiness\068_46396068_d86eb020,sandbox readiness passed
69,46396068:hbase0.98/hbase-table-stat-0.98/src/main/java/com/kakao/hbase/stat/load/loadio.java,46396068,46396068,hbase0.98/hbase-table-stat-0.98,maven:hbase0.98/hbase-table-stat-0.98,Maven,LoadIO,LoadIO_RBL4_2ca68fd5Test,PASS,ok,27.459,D:\A_ThucNghiem\scripts_v2\workspaces\20260724_010022_d3f7f7b1__baseline_readiness\069_46396068_2ca68fd5,sandbox readiness passed
70,46396068:hbase0.98/hbase-common-0.98/src/main/java/com/kakao/hbase/common/util/util.java,46396068,46396068,hbase0.98/hbase-common-0.98,maven:hbase0.98/hbase-common-0.98,Maven,Util,Util_RBL4_ac867cd2Test,PASS,ok,0.3,D:\A_ThucNghiem\scripts_v2\workspaces\20260724_010022_d3f7f7b1__baseline_readiness\070_46396068_ac867cd2,sandbox readiness passed
71,46396068:hbase0.98/hbase-snapshot-0.98/src/main/java/com/kakao/hbase/snapshot/snapshot.java,46396068,46396068,hbase0.98/hbase-snapshot-0.98,maven:hbase0.98/hbase-snapshot-0.98,Maven,Snapshot,Snapshot_RBL4_46effb3eTest,PASS,ok,26.757,D:\A_ThucNghiem\scripts_v2\workspaces\20260724_010022_d3f7f7b1__baseline_readiness\071_46396068_46effb3e,sandbox readiness passed
72,46450575:flo-workflow/src/main/java/com/spotify/flo/evalcontextwithtask.java,46450575,46450575,flo-workflow,maven:flo-workflow,Maven,EvalContextWithTask,EvalContextWithTask_RBL4_ef73684bTest,PASS,ok,29.175,D:\A_ThucNghiem\scripts_v2\workspaces\20260724_010022_d3f7f7b1__baseline_readiness\072_46450575_ef73684b,sandbox readiness passed
73,46450575:contrib/flo-styx/src/main/java/com/spotify/flo/contrib/styx/structuredlogging.java,46450575,46450575,contrib/flo-styx,maven:contrib/flo-styx,Maven,StructuredLogging,StructuredLogging_RBL4_4178ab2dTest,PASS,ok,27.441,D:\A_ThucNghiem\scripts_v2\workspaces\20260724_010022_d3f7f7b1__baseline_readiness\073_46450575_4178ab2d,sandbox readiness passed
74,46450575:flo-workflow/src/main/java/com/spotify/flo/context/forwardingevalcontext.java,46450575,46450575,flo-workflow,maven:flo-workflow,Maven,ForwardingEvalContext,ForwardingEvalContext_RBL4_07864a44Test,PASS,ok,28.871,D:\A_ThucNghiem\scripts_v2\workspaces\20260724_010022_d3f7f7b1__baseline_readiness\074_46450575_07864a44,sandbox readiness passed
75,46450575:contrib/flo-bigquery/src/main/java/com/spotify/flo/contrib/bigquery/bigqueryoperator.java,46450575,46450575,contrib/flo-bigquery,maven:contrib/flo-bigquery,Maven,BigQueryOperator,BigQueryOperator_RBL4_6f1aba76Test,PASS,ok,23.238,D:\A_ThucNghiem\scripts_v2\workspaces\20260724_010022_d3f7f7b1__baseline_readiness\075_46450575_6f1aba76,sandbox readiness passed
76,46450575:flo-workflow/src/main/java/com/spotify/flo/serialization.java,46450575,46450575,flo-workflow,maven:flo-workflow,Maven,Serialization,Serialization_RBL4_0293e98eTest,PASS,ok,25.944,D:\A_ThucNghiem\scripts_v2\workspaces\20260724_010022_d3f7f7b1__baseline_readiness\076_46450575_0293e98e,sandbox readiness passed
77,46450575:contrib/flo-bigquery/src/main/java/com/spotify/flo/contrib/bigquery/bigqueryoutput.java,46450575,46450575,contrib/flo-bigquery,maven:contrib/flo-bigquery,Maven,BigQueryOutput,BigQueryOutput_RBL4_ea016342Test,PASS,ok,33.024,D:\A_ThucNghiem\scripts_v2\workspaces\20260724_010022_d3f7f7b1__baseline_readiness\077_46450575_ea016342,sandbox readiness passed
78,46450575:contrib/flo-styx/src/main/java/com/spotify/flo/contrib/styx/terminationlogging.java,46450575,46450575,contrib/flo-styx,maven:contrib/flo-styx,Maven,TerminationLogging,TerminationLogging_RBL4_bd50ba45Test,PASS,ok,26.504,D:\A_ThucNghiem\scripts_v2\workspaces\20260724_010022_d3f7f7b1__baseline_readiness\078_46450575_bd50ba45,sandbox readiness passed
79,46450575:flo-workflow/src/main/java/com/spotify/flo/context/memoizingcontext.java,46450575,46450575,flo-workflow,maven:flo-workflow,Maven,MemoizingContext,MemoizingContext_RBL4_c253e1f9Test,PASS,ok,19.93,D:\A_ThucNghiem\scripts_v2\workspaces\20260724_010022_d3f7f7b1__baseline_readiness\079_46450575_c253e1f9,sandbox readiness passed
80,48046454:hazelcast-jet-core/src/main/java/com/hazelcast/jet/core/resettablesingletontraverser.java,48046454,48046454,hazelcast-jet-core,maven:hazelcast-jet-core,Maven,ResettableSingletonTraverser,ResettableSingletonTraverser_RBL4_c7d874e7Test,PASS,ok,86.044,D:\A_ThucNghiem\scripts_v2\workspaces\20260724_010022_d3f7f7b1__baseline_readiness\080_48046454_c7d874e7,sandbox readiness passed
81,48046454:hazelcast-jet-core/src/main/java/com/hazelcast/jet/core/slidingwindowpolicy.java,48046454,48046454,hazelcast-jet-core,maven:hazelcast-jet-core,Maven,SlidingWindowPolicy,SlidingWindowPolicy_RBL4_0ca1a5feTest,PASS,ok,69.009,D:\A_ThucNghiem\scripts_v2\workspaces\20260724_010022_d3f7f7b1__baseline_readiness\081_48046454_0ca1a5fe,sandbox readiness passed
82,48046454:hazelcast-jet-core/src/main/java/com/hazelcast/jet/impl/processor/insertwatermarksp.java,48046454,48046454,hazelcast-jet-core,maven:hazelcast-jet-core,Maven,InsertWatermarksP,InsertWatermarksP_RBL4_c320ce76Test,PASS,ok,68.801,D:\A_ThucNghiem\scripts_v2\workspaces\20260724_010022_d3f7f7b1__baseline_readiness\082_48046454_c320ce76,sandbox readiness passed
83,48046454:hazelcast-jet-core/src/main/java/com/hazelcast/jet/impl/serialization/delegatingserializationservice.java,48046454,48046454,hazelcast-jet-core,maven:hazelcast-jet-core,Maven,DelegatingSerializationService,DelegatingSerializationService_RBL4_7ac59f01Test,PASS,ok,66.597,D:\A_ThucNghiem\scripts_v2\workspaces\20260724_010022_d3f7f7b1__baseline_readiness\083_48046454_7ac59f01,sandbox readiness passed
84,48046454:hazelcast-jet-core/src/main/java/com/hazelcast/jet/impl/util/reflectionutils.java,48046454,48046454,hazelcast-jet-core,maven:hazelcast-jet-core,Maven,ReflectionUtils,ReflectionUtils_RBL4_4f424f3bTest,PASS,ok,4.833,D:\A_ThucNghiem\scripts_v2\workspaces\20260724_010022_d3f7f7b1__baseline_readiness\084_48046454_4f424f3b,sandbox readiness passed
85,48046454:hazelcast-jet-core/src/main/java/com/hazelcast/jet/impl/connector/writefilep.java,48046454,48046454,hazelcast-jet-core,maven:hazelcast-jet-core,Maven,WriteFileP,WriteFileP_RBL4_85ca0ba5Test,PASS,ok,4.911,D:\A_ThucNghiem\scripts_v2\workspaces\20260724_010022_d3f7f7b1__baseline_readiness\085_48046454_85ca0ba5,sandbox readiness passed
86,48046454:hazelcast-jet-core/src/main/java/com/hazelcast/jet/impl/connector/streamfilesp.java,48046454,48046454,hazelcast-jet-core,maven:hazelcast-jet-core,Maven,StreamFilesP,StreamFilesP_RBL4_cc4c3bc7Test,PASS,ok,4.895,D:\A_ThucNghiem\scripts_v2\workspaces\20260724_010022_d3f7f7b1__baseline_readiness\086_48046454_cc4c3bc7,sandbox readiness passed
87,48046454:hazelcast-jet-core/src/main/java/com/hazelcast/jet/config/jobconfig.java,48046454,48046454,hazelcast-jet-core,maven:hazelcast-jet-core,Maven,JobConfig,JobConfig_RBL4_3a062b6cTest,PASS,ok,4.853,D:\A_ThucNghiem\scripts_v2\workspaces\20260724_010022_d3f7f7b1__baseline_readiness\087_48046454_3a062b6c,sandbox readiness passed
88,49384652:niubi-job-framework/niubi-job-core/src/main/java/com/zuoxiaolong/niubi/job/core/helper/jsonhelper.java,49384652,49384652,niubi-job-framework/niubi-job-core,maven:niubi-job-framework/niubi-job-core,Maven,JsonHelper,JsonHelper_RBL4_c3d480dcTest,PASS,ok,24.013,D:\A_ThucNghiem\scripts_v2\workspaces\20260724_010022_d3f7f7b1__baseline_readiness\088_49384652_c3d480dc,sandbox readiness passed
89,49384652:niubi-job-framework/niubi-job-service/src/main/java/com/zuoxiaolong/niubi/job/service/impl/masterslavejobsummaryserviceimpl.java,49384652,49384652,niubi-job-framework/niubi-job-service,maven:niubi-job-framework/niubi-job-service,Maven,MasterSlaveJobSummaryServiceImpl,MasterSlaveJobSummaryServiceImpl_RBL4_7f5ca105Test,PASS,ok,50.393,D:\A_ThucNghiem\scripts_v2\workspaces\20260724_010022_d3f7f7b1__baseline_readiness\089_49384652_7f5ca105,sandbox readiness passed
90,49384652:niubi-job-framework/niubi-job-service/src/main/java/com/zuoxiaolong/niubi/job/service/impl/standbyjobsummaryserviceimpl.java,49384652,49384652,niubi-job-framework/niubi-job-service,maven:niubi-job-framework/niubi-job-service,Maven,StandbyJobSummaryServiceImpl,StandbyJobSummaryServiceImpl_RBL4_28ebbe05Test,PASS,ok,68.541,D:\A_ThucNghiem\scripts_v2\workspaces\20260724_010022_d3f7f7b1__baseline_readiness\090_49384652_28ebbe05,sandbox readiness passed
91,49384652:niubi-job-framework/niubi-job-service/src/main/java/com/zuoxiaolong/niubi/job/service/impl/standbynodeserviceimpl.java,49384652,49384652,niubi-job-framework/niubi-job-service,maven:niubi-job-framework/niubi-job-service,Maven,StandbyNodeServiceImpl,StandbyNodeServiceImpl_RBL4_b0b0f02aTest,PASS,ok,33.241,D:\A_ThucNghiem\scripts_v2\workspaces\20260724_010022_d3f7f7b1__baseline_readiness\091_49384652_b0b0f02a,sandbox readiness passed
92,49384652:niubi-job-framework/niubi-job-service/src/main/java/com/zuoxiaolong/niubi/job/service/impl/masterslavenodeserviceimpl.java,49384652,49384652,niubi-job-framework/niubi-job-service,maven:niubi-job-framework/niubi-job-service,Maven,MasterSlaveNodeServiceImpl,MasterSlaveNodeServiceImpl_RBL4_a80bae5fTest,PASS,ok,64.504,D:\A_ThucNghiem\scripts_v2\workspaces\20260724_010022_d3f7f7b1__baseline_readiness\092_49384652_a80bae5f,sandbox readiness passed
93,49384652:niubi-job-framework/niubi-job-service/src/main/java/com/zuoxiaolong/niubi/job/service/impl/masterslavejobserviceimpl.java,49384652,49384652,niubi-job-framework/niubi-job-service,maven:niubi-job-framework/niubi-job-service,Maven,MasterSlaveJobServiceImpl,MasterSlaveJobServiceImpl_RBL4_d070942aTest,PASS,ok,73.482,D:\A_ThucNghiem\scripts_v2\workspaces\20260724_010022_d3f7f7b1__baseline_readiness\093_49384652_d070942a,sandbox readiness passed
94,49384652:niubi-job-framework/niubi-job-service/src/main/java/com/zuoxiaolong/niubi/job/service/impl/standbyjoblogserviceimpl.java,49384652,49384652,niubi-job-framework/niubi-job-service,maven:niubi-job-framework/niubi-job-service,Maven,StandbyJobLogServiceImpl,StandbyJobLogServiceImpl_RBL4_c897b221Test,PASS,ok,75.084,D:\A_ThucNghiem\scripts_v2\workspaces\20260724_010022_d3f7f7b1__baseline_readiness\094_49384652_c897b221,sandbox readiness passed
95,49384652:niubi-job-framework/niubi-job-core/src/main/java/com/zuoxiaolong/niubi/job/core/helper/loggerhelper.java,49384652,49384652,niubi-job-framework/niubi-job-core,maven:niubi-job-framework/niubi-job-core,Maven,LoggerHelper,LoggerHelper_RBL4_5d49c4feTest,PASS,ok,10.641,D:\A_ThucNghiem\scripts_v2\workspaces\20260724_010022_d3f7f7b1__baseline_readiness\095_49384652_5d49c4fe,sandbox readiness passed
96,558963:httpcache4j-api/src/main/java/org/codehaus/httpcache4j/payload/formdatapayload.java,558963,558963,httpcache4j-api,maven:httpcache4j-api,Maven,FormDataPayload,FormDataPayload_RBL4_fff81761Test,PASS,ok,5.157,D:\A_ThucNghiem\scripts_v2\workspaces\20260724_010022_d3f7f7b1__baseline_readiness\096_558963_fff81761,sandbox readiness passed
97,558963:httpcache4j-api/src/main/java/org/codehaus/httpcache4j/directives.java,558963,558963,httpcache4j-api,maven:httpcache4j-api,Maven,Directives,Directives_RBL4_38f5b07cTest,PASS,ok,0.255,D:\A_ThucNghiem\scripts_v2\workspaces\20260724_010022_d3f7f7b1__baseline_readiness\097_558963_38f5b07c,sandbox readiness passed
98,558963:httpcache4j-api/src/main/java/org/codehaus/httpcache4j/headers.java,558963,558963,httpcache4j-api,maven:httpcache4j-api,Maven,Headers,Headers_RBL4_341e479eTest,PASS,ok,0.147,D:\A_ThucNghiem\scripts_v2\workspaces\20260724_010022_d3f7f7b1__baseline_readiness\098_558963_341e479e,sandbox readiness passed
99,558963:httpcache4j-api/src/main/java/org/codehaus/httpcache4j/httpmethod.java,558963,558963,httpcache4j-api,maven:httpcache4j-api,Maven,HTTPMethod,HTTPMethod_RBL4_383f035cTest,PASS,ok,0.223,D:\A_ThucNghiem\scripts_v2\workspaces\20260724_010022_d3f7f7b1__baseline_readiness\099_558963_383f035c,sandbox readiness passed
100,558963:httpcache4j-api/src/main/java/org/codehaus/httpcache4j/mimetype.java,558963,558963,httpcache4j-api,maven:httpcache4j-api,Maven,MIMEType,MIMEType_RBL4_d908a814Test,PASS,ok,0.287,D:\A_ThucNghiem\scripts_v2\workspaces\20260724_010022_d3f7f7b1__baseline_readiness\100_558963_d908a814,sandbox readiness passed
101,558963:httpcache4j-api/src/main/java/org/codehaus/httpcache4j/auth/defaultauthenticator.java,558963,558963,httpcache4j-api,maven:httpcache4j-api,Maven,DefaultAuthenticator,DefaultAuthenticator_RBL4_64672f9fTest,PASS,ok,0.25,D:\A_ThucNghiem\scripts_v2\workspaces\20260724_010022_d3f7f7b1__baseline_readiness\101_558963_64672f9f,sandbox readiness passed
102,558963:httpcache4j-api/src/main/java/org/codehaus/httpcache4j/httpresponse.java,558963,558963,httpcache4j-api,maven:httpcache4j-api,Maven,HTTPResponse,HTTPResponse_RBL4_589cc16fTest,PASS,ok,0.386,D:\A_ThucNghiem\scripts_v2\workspaces\20260724_010022_d3f7f7b1__baseline_readiness\102_558963_589cc16f,sandbox readiness passed
103,558963:httpcache4j-api/src/main/java/org/codehaus/httpcache4j/httprequest.java,558963,558963,httpcache4j-api,maven:httpcache4j-api,Maven,HTTPRequest,HTTPRequest_RBL4_a04d55a6Test,PASS,ok,0.264,D:\A_ThucNghiem\scripts_v2\workspaces\20260724_010022_d3f7f7b1__baseline_readiness\103_558963_a04d55a6,sandbox readiness passed
104,60578004:elastic-jobx-core/src/main/java/com/dangdang/ddframe/job/internal/statistics/processcountjob.java,60578004,60578004,elastic-jobx-core,maven:elastic-jobx-core,Maven,ProcessCountJob,ProcessCountJob_RBL4_fc02f3bfTest,PASS,ok,13.495,D:\A_ThucNghiem\scripts_v2\workspaces\20260724_010022_d3f7f7b1__baseline_readiness\104_60578004_fc02f3bf,sandbox readiness passed
105,60578004:elastic-jobx-core/src/main/java/com/dangdang/ddframe/job/internal/config/configurationnode.java,60578004,60578004,elastic-jobx-core,maven:elastic-jobx-core,Maven,ConfigurationNode,ConfigurationNode_RBL4_5ed65ca9Test,PASS,ok,11.205,D:\A_ThucNghiem\scripts_v2\workspaces\20260724_010022_d3f7f7b1__baseline_readiness\105_60578004_5ed65ca9,sandbox readiness passed
106,60578004:elastic-jobx-core/src/main/java/com/dangdang/ddframe/job/plugin/sharding/strategy/averageallocationjobshardingstrategy.java,60578004,60578004,elastic-jobx-core,maven:elastic-jobx-core,Maven,AverageAllocationJobShardingStrategy,AverageAllocationJobShardingStrategy_RBL4_bd05f034Test,PASS,ok,0.89,D:\A_ThucNghiem\scripts_v2\workspaces\20260724_010022_d3f7f7b1__baseline_readiness\106_60578004_bd05f034,sandbox readiness passed
107,60578004:elastic-jobx-core/src/main/java/com/dangdang/ddframe/job/internal/election/leaderelectionservice.java,60578004,60578004,elastic-jobx-core,maven:elastic-jobx-core,Maven,LeaderElectionService,LeaderElectionService_RBL4_04265ecaTest,PASS,ok,0.887,D:\A_ThucNghiem\scripts_v2\workspaces\20260724_010022_d3f7f7b1__baseline_readiness\107_60578004_04265eca,sandbox readiness passed
108,60578004:elastic-jobx-core/src/main/java/com/dangdang/ddframe/job/internal/sharding/shardingservice.java,60578004,60578004,elastic-jobx-core,maven:elastic-jobx-core,Maven,ShardingService,ShardingService_RBL4_724aba58Test,PASS,ok,0.957,D:\A_ThucNghiem\scripts_v2\workspaces\20260724_010022_d3f7f7b1__baseline_readiness\108_60578004_724aba58,sandbox readiness passed
109,60578004:elastic-jobx-core/src/main/java/com/dangdang/ddframe/job/internal/storage/jobnodestorage.java,60578004,60578004,elastic-jobx-core,maven:elastic-jobx-core,Maven,JobNodeStorage,JobNodeStorage_RBL4_c67ff505Test,PASS,ok,0.957,D:\A_ThucNghiem\scripts_v2\workspaces\20260724_010022_d3f7f7b1__baseline_readiness\109_60578004_c67ff505,sandbox readiness passed
110,60578004:elastic-jobx-core/src/main/java/com/dangdang/ddframe/job/internal/execution/executioncontextservice.java,60578004,60578004,elastic-jobx-core,maven:elastic-jobx-core,Maven,ExecutionContextService,ExecutionContextService_RBL4_ba1be17bTest,PASS,ok,0.93,D:\A_ThucNghiem\scripts_v2\workspaces\20260724_010022_d3f7f7b1__baseline_readiness\110_60578004_ba1be17b,sandbox readiness passed
111,60578004:elastic-jobx-core/src/main/java/com/dangdang/ddframe/job/internal/config/configurationservice.java,60578004,60578004,elastic-jobx-core,maven:elastic-jobx-core,Maven,ConfigurationService,ConfigurationService_RBL4_cf2e998cTest,PASS,ok,0.916,D:\A_ThucNghiem\scripts_v2\workspaces\20260724_010022_d3f7f7b1__baseline_readiness\111_60578004_cf2e998c,sandbox readiness passed
112,61565876:injector/src/main/java/ch/jalu/injector/context/resolutioncontext.java,61565876,61565876,injector,maven:injector,Maven,ResolutionContext,ResolutionContext_RBL4_f0244fa3Test,PASS,ok,4.636,D:\A_ThucNghiem\scripts_v2\workspaces\20260724_010022_d3f7f7b1__baseline_readiness\112_61565876_f0244fa3,sandbox readiness passed
113,61565876:injector/src/main/java/ch/jalu/injector/handlers/dependency/singletonstoredependencyhandler.java,61565876,61565876,injector,maven:injector,Maven,SingletonStoreDependencyHandler,SingletonStoreDependencyHandler_RBL4_b36dd89fTest,PASS,ok,4.626,D:\A_ThucNghiem\scripts_v2\workspaces\20260724_010022_d3f7f7b1__baseline_readiness\113_61565876_b36dd89f,sandbox readiness passed
114,61565876:injector/src/main/java/ch/jalu/injector/handlers/instantiation/standardinjection.java,61565876,61565876,injector,maven:injector,Maven,StandardInjection,StandardInjection_RBL4_3a4b44fbTest,PASS,ok,0.318,D:\A_ThucNghiem\scripts_v2\workspaces\20260724_010022_d3f7f7b1__baseline_readiness\114_61565876_3a4b44fb,sandbox readiness passed
115,61565876:injector/src/main/java/ch/jalu/injector/context/objectidentifier.java,61565876,61565876,injector,maven:injector,Maven,ObjectIdentifier,ObjectIdentifier_RBL4_7460272fTest,PASS,ok,0.529,D:\A_ThucNghiem\scripts_v2\workspaces\20260724_010022_d3f7f7b1__baseline_readiness\115_61565876_7460272f,sandbox readiness passed
116,61565876:injector/src/main/java/ch/jalu/injector/handlers/instantiation/defaultinjectionprovider.java,61565876,61565876,injector,maven:injector,Maven,DefaultInjectionProvider,DefaultInjectionProvider_RBL4_b7272345Test,PASS,ok,0.524,D:\A_ThucNghiem\scripts_v2\workspaces\20260724_010022_d3f7f7b1__baseline_readiness\116_61565876_b7272345,sandbox readiness passed
117,61565876:injector/src/main/java/ch/jalu/injector/utils/reflectionutils.java,61565876,61565876,injector,maven:injector,Maven,ReflectionUtils,ReflectionUtils_RBL4_00880516Test,PASS,ok,0.539,D:\A_ThucNghiem\scripts_v2\workspaces\20260724_010022_d3f7f7b1__baseline_readiness\117_61565876_00880516,sandbox readiness passed
118,61565876:injector/src/main/java/ch/jalu/injector/handlers/postconstruct/postconstructmethodinvoker.java,61565876,61565876,injector,maven:injector,Maven,PostConstructMethodInvoker,PostConstructMethodInvoker_RBL4_68accc5aTest,PASS,ok,0.276,D:\A_ThucNghiem\scripts_v2\workspaces\20260724_010022_d3f7f7b1__baseline_readiness\118_61565876_68accc5a,sandbox readiness passed
119,61565876:injector/src/main/java/ch/jalu/injector/injectorimpl.java,61565876,61565876,injector,maven:injector,Maven,InjectorImpl,InjectorImpl_RBL4_0d84927dTest,PASS,ok,0.277,D:\A_ThucNghiem\scripts_v2\workspaces\20260724_010022_d3f7f7b1__baseline_readiness\119_61565876_0d84927d,sandbox readiness passed
120,6293402:server/src/main/java/com/vaadin/data/provider/treedataprovider.java,6293402,6293402,server,maven:server,Maven,TreeDataProvider,TreeDataProvider_RBL4_73451966Test,PASS,ok,277.369,D:\A_ThucNghiem\scripts_v2\workspaces\20260724_010022_d3f7f7b1__baseline_readiness\120_6293402_73451966,sandbox readiness passed
121,6293402:server/src/main/java/com/vaadin/server/vaadinportletrequest.java,6293402,6293402,server,maven:server,Maven,VaadinPortletRequest,VaadinPortletRequest_RBL4_5e6ec39eTest,PASS,ok,277.089,D:\A_ThucNghiem\scripts_v2\workspaces\20260724_010022_d3f7f7b1__baseline_readiness\121_6293402_5e6ec39e,sandbox readiness passed
122,6293402:server/src/main/java/com/vaadin/ui/abstractsingleselect.java,6293402,6293402,server,maven:server,Maven,AbstractSingleSelect,AbstractSingleSelect_RBL4_76a24253Test,PASS,ok,277.093,D:\A_ThucNghiem\scripts_v2\workspaces\20260724_010022_d3f7f7b1__baseline_readiness\122_6293402_76a24253,sandbox readiness passed
123,6293402:server/src/main/java/com/vaadin/util/encodeutil.java,6293402,6293402,server,maven:server,Maven,EncodeUtil,EncodeUtil_RBL4_b4ce0ae0Test,PASS,ok,259.525,D:\A_ThucNghiem\scripts_v2\workspaces\20260724_010022_d3f7f7b1__baseline_readiness\123_6293402_b4ce0ae0,sandbox readiness passed
124,6293402:server/src/main/java/com/vaadin/server/localeservice.java,6293402,6293402,server,maven:server,Maven,LocaleService,LocaleService_RBL4_e764fd86Test,PASS,ok,15.138,D:\A_ThucNghiem\scripts_v2\workspaces\20260724_010022_d3f7f7b1__baseline_readiness\124_6293402_e764fd86,sandbox readiness passed
125,6293402:server/src/main/java/com/vaadin/data/provider/datacommunicator.java,6293402,6293402,server,maven:server,Maven,DataCommunicator,DataCommunicator_RBL4_9bb6c751Test,PASS,ok,15.077,D:\A_ThucNghiem\scripts_v2\workspaces\20260724_010022_d3f7f7b1__baseline_readiness\125_6293402_9bb6c751,sandbox readiness passed
126,6293402:server/src/main/java/com/vaadin/server/communication/metadatawriter.java,6293402,6293402,server,maven:server,Maven,MetadataWriter,MetadataWriter_RBL4_7f52707cTest,PASS,ok,15.162,D:\A_ThucNghiem\scripts_v2\workspaces\20260724_010022_d3f7f7b1__baseline_readiness\126_6293402_7f52707c,sandbox readiness passed
127,6293402:server/src/main/java/com/vaadin/server/communication/serverrpchandler.java,6293402,6293402,server,maven:server,Maven,ServerRpcHandler,ServerRpcHandler_RBL4_1a82f048Test,PASS,ok,15.059,D:\A_ThucNghiem\scripts_v2\workspaces\20260724_010022_d3f7f7b1__baseline_readiness\127_6293402_1a82f048,sandbox readiness passed
128,6437134:enav-util/src/main/java/dk/dma/enav/util/coordinateconverter.java,6437134,6437134,enav-util,maven:enav-util,Maven,CoordinateConverter,CoordinateConverter_RBL4_8d23156cTest,PASS,ok,2.413,D:\A_ThucNghiem\scripts_v2\workspaces\20260724_010022_d3f7f7b1__baseline_readiness\128_6437134_8d23156c,sandbox readiness passed
129,6437134:enav-util/src/main/java/dk/dma/enav/util/compass/compassutils.java,6437134,6437134,enav-util,maven:enav-util,Maven,CompassUtils,CompassUtils_RBL4_262d6b6cTest,PASS,ok,2.407,D:\A_ThucNghiem\scripts_v2\workspaces\20260724_010022_d3f7f7b1__baseline_readiness\129_6437134_262d6b6c,sandbox readiness passed
130,6437134:enav-model/src/main/java/dk/dma/enav/model/geometry/ellipse.java,6437134,6437134,enav-model,maven:enav-model,Maven,Ellipse,Ellipse_RBL4_2da8caedTest,PASS,ok,21.147,D:\A_ThucNghiem\scripts_v2\workspaces\20260724_010022_d3f7f7b1__baseline_readiness\130_6437134_2da8caed,sandbox readiness passed
131,6437134:enav-model/src/main/java/dk/dma/enav/model/geometry/boundingbox.java,6437134,6437134,enav-model,maven:enav-model,Maven,BoundingBox,BoundingBox_RBL4_1f61159dTest,PASS,ok,8.134,D:\A_ThucNghiem\scripts_v2\workspaces\20260724_022225_resume240__baseline_repair\131_6437134_1f61159d,sandbox readiness passed
132,6437134:enav-serialization/src/main/java/dk/dma/enav/serialization/routerouteparser.java,6437134,6437134,enav-serialization,maven:enav-serialization,Maven,RouteRouteParser,RouteRouteParser_RBL4_6c97342fTest,PASS,ok,10.975,D:\A_ThucNghiem\scripts_v2\workspaces\20260724_010022_d3f7f7b1__baseline_readiness\132_6437134_6c97342f,sandbox readiness passed
133,6437134:enav-serialization/src/main/java/dk/dma/enav/serialization/rourouteparser.java,6437134,6437134,enav-serialization,maven:enav-serialization,Maven,RouRouteParser,RouRouteParser_RBL4_4b2ecd0dTest,PASS,ok,20.207,D:\A_ThucNghiem\scripts_v2\workspaces\20260724_010022_d3f7f7b1__baseline_readiness\133_6437134_4b2ecd0d,sandbox readiness passed
134,6437134:enav-serialization/src/main/java/dk/dma/enav/serialization/simplerouteparser.java,6437134,6437134,enav-serialization,maven:enav-serialization,Maven,SimpleRouteParser,SimpleRouteParser_RBL4_3ed00afbTest,PASS,ok,18.247,D:\A_ThucNghiem\scripts_v2\workspaces\20260724_010022_d3f7f7b1__baseline_readiness\134_6437134_3ed00afb,sandbox readiness passed
135,6437134:enav-serialization/src/main/java/dk/dma/enav/serialization/rt3routeparser.java,6437134,6437134,enav-serialization,maven:enav-serialization,Maven,Rt3RouteParser,Rt3RouteParser_RBL4_b2fce36cTest,PASS,ok,25.268,D:\A_ThucNghiem\scripts_v2\workspaces\20260724_010022_d3f7f7b1__baseline_readiness\135_6437134_b2fce36c,sandbox readiness passed
136,64487983:dependency-injection/src/main/java/com/iluwatar/dependency/injection/app.java,64487983,64487983,dependency-injection,maven:dependency-injection,Maven,App,App_RBL4_f077e771Test,PASS,ok,30.043,D:\A_ThucNghiem\scripts_v2\workspaces\20260724_010022_d3f7f7b1__baseline_readiness\136_64487983_f077e771,sandbox readiness passed
137,64487983:dependency-injection/src/main/java/com/iluwatar/dependency/injection/guicewizard.java,64487983,64487983,dependency-injection,maven:dependency-injection,Maven,GuiceWizard,GuiceWizard_RBL4_f36a1968Test,PASS,ok,28.627,D:\A_ThucNghiem\scripts_v2\workspaces\20260724_010022_d3f7f7b1__baseline_readiness\137_64487983_f36a1968,sandbox readiness passed
138,64487983:bridge/src/main/java/com/iluwatar/bridge/souleatingmagicweapon.java,64487983,64487983,bridge,maven:bridge,Maven,SoulEatingMagicWeapon,SoulEatingMagicWeapon_RBL4_e5ac9b33Test,PASS,ok,20.434,D:\A_ThucNghiem\scripts_v2\workspaces\20260724_010022_d3f7f7b1__baseline_readiness\138_64487983_e5ac9b33,sandbox readiness passed
139,64487983:bridge/src/main/java/com/iluwatar/bridge/blindingmagicweapon.java,64487983,64487983,bridge,maven:bridge,Maven,BlindingMagicWeapon,BlindingMagicWeapon_RBL4_0f46d2c5Test,PASS,ok,12.597,D:\A_ThucNghiem\scripts_v2\workspaces\20260724_010022_d3f7f7b1__baseline_readiness\139_64487983_0f46d2c5,sandbox readiness passed
140,64487983:bridge/src/main/java/com/iluwatar/bridge/flyingmagicweapon.java,64487983,64487983,bridge,maven:bridge,Maven,FlyingMagicWeapon,FlyingMagicWeapon_RBL4_65b25ee1Test,PASS,ok,3.912,D:\A_ThucNghiem\scripts_v2\workspaces\20260724_010022_d3f7f7b1__baseline_readiness\140_64487983_65b25ee1,sandbox readiness passed
141,64487983:hexagonal/src/main/java/com/iluwatar/hexagonal/app.java,64487983,64487983,hexagonal,maven:hexagonal,Maven,App,App_RBL4_735c5bfeTest,PASS,ok,3.927,D:\A_ThucNghiem\scripts_v2\workspaces\20260724_010022_d3f7f7b1__baseline_readiness\141_64487983_735c5bfe,sandbox readiness passed
142,64487983:hexagonal/src/main/java/com/iluwatar/hexagonal/domain/lotterynumbers.java,64487983,64487983,hexagonal,maven:hexagonal,Maven,LotteryNumbers,LotteryNumbers_RBL4_eef37d9aTest,PASS,ok,3.938,D:\A_ThucNghiem\scripts_v2\workspaces\20260724_010022_d3f7f7b1__baseline_readiness\142_64487983_eef37d9a,sandbox readiness passed
143,64487983:hexagonal/src/main/java/com/iluwatar/hexagonal/domain/playerdetails.java,64487983,64487983,hexagonal,maven:hexagonal,Maven,PlayerDetails,PlayerDetails_RBL4_77b9df0eTest,PASS,ok,3.931,D:\A_ThucNghiem\scripts_v2\workspaces\20260724_010022_d3f7f7b1__baseline_readiness\143_64487983_77b9df0e,sandbox readiness passed
144,66303306:event/src/main/java/com/bazaarvoice/emodb/event/eventstoremodule.java,66303306,66303306,event,maven:event,Maven,EventStoreModule,EventStoreModule_RBL4_40681041Test,PASS,ok,101.37,D:\A_ThucNghiem\scripts_v2\workspaces\20260724_010022_d3f7f7b1__baseline_readiness\144_66303306_40681041,sandbox readiness passed
145,66303306:event/src/main/java/com/bazaarvoice/emodb/event/api/dedupeventstorechannels.java,66303306,66303306,event,maven:event,Maven,DedupEventStoreChannels,DedupEventStoreChannels_RBL4_1ac113bfTest,PASS,ok,118.421,D:\A_ThucNghiem\scripts_v2\workspaces\20260724_010022_d3f7f7b1__baseline_readiness\145_66303306_1ac113bf,sandbox readiness passed
146,66303306:event/src/main/java/com/bazaarvoice/emodb/event/db/astyanax/channelallocationstate.java,66303306,66303306,event,maven:event,Maven,ChannelAllocationState,ChannelAllocationState_RBL4_031689bdTest,PASS,ok,84.407,D:\A_ThucNghiem\scripts_v2\workspaces\20260724_010022_d3f7f7b1__baseline_readiness\146_66303306_031689bd,sandbox readiness passed
147,66303306:web/src/main/java/com/bazaarvoice/emodb/web/partition/partitionawareservicefactory.java,66303306,66303306,web,maven:web,Maven,PartitionAwareServiceFactory,PartitionAwareServiceFactory_RBL4_e6c37a47Test,PASS,ok,154.727,D:\A_ThucNghiem\scripts_v2\workspaces\20260724_010022_d3f7f7b1__baseline_readiness\147_66303306_e6c37a47,sandbox readiness passed
148,66303306:web/src/main/java/com/bazaarvoice/emodb/web/scanner/scanuploader.java,66303306,66303306,web,maven:web,Maven,ScanUploader,ScanUploader_RBL4_0559e9a5Test,PASS,ok,134.277,D:\A_ThucNghiem\scripts_v2\workspaces\20260724_010022_d3f7f7b1__baseline_readiness\148_66303306_0559e9a5,sandbox readiness passed
149,66303306:event/src/main/java/com/bazaarvoice/emodb/event/core/defaulteventstore.java,66303306,66303306,event,maven:event,Maven,DefaultEventStore,DefaultEventStore_RBL4_cf4261e0Test,PASS,ok,33.223,D:\A_ThucNghiem\scripts_v2\workspaces\20260724_010022_d3f7f7b1__baseline_readiness\149_66303306_cf4261e0,sandbox readiness passed
150,66303306:web/src/main/java/com/bazaarvoice/emodb/web/scanner/scanstatus/datastorescanstatusdao.java,66303306,66303306,web,maven:web,Maven,DataStoreScanStatusDAO,DataStoreScanStatusDAO_RBL4_09996397Test,PASS,ok,163.834,D:\A_ThucNghiem\scripts_v2\workspaces\20260724_010022_d3f7f7b1__baseline_readiness\150_66303306_09996397,sandbox readiness passed
151,66303306:event/src/main/java/com/bazaarvoice/emodb/event/db/astyanax/astyanaxeventreaderdao.java,66303306,66303306,event,maven:event,Maven,AstyanaxEventReaderDAO,AstyanaxEventReaderDAO_RBL4_e916fda0Test,PASS,ok,21.093,D:\A_ThucNghiem\scripts_v2\workspaces\20260724_010022_d3f7f7b1__baseline_readiness\151_66303306_e916fda0,sandbox readiness passed
152,6944525:d2/src/main/java/com/linkedin/d2/discovery/stores/zk/zookeeperconnectionawarestore.java,6944525,6944525,d2,gradle:d2,Gradle,ZooKeeperConnectionAwareStore,ZooKeeperConnectionAwareStore_RBL4_0e47558fTest,PASS,ok,250.231,D:\A_ThucNghiem\scripts_v2\workspaces\20260724_010022_d3f7f7b1__baseline_readiness\152_6944525_0e47558f,sandbox readiness passed
153,6944525:d2/src/main/java/com/linkedin/d2/discovery/event/propertyeventbusrequeststhrottler.java,6944525,6944525,d2,gradle:d2,Gradle,PropertyEventBusRequestsThrottler,PropertyEventBusRequestsThrottler_RBL4_41aae381Test,PASS,ok,248.567,D:\A_ThucNghiem\scripts_v2\workspaces\20260724_010022_d3f7f7b1__baseline_readiness\153_6944525_41aae381,sandbox readiness passed
154,6944525:d2/src/main/java/com/linkedin/d2/balancer/util/hashing/ringbasedurimapper.java,6944525,6944525,d2,gradle:d2,Gradle,RingBasedUriMapper,RingBasedUriMapper_RBL4_077b6da2Test,PASS,ok,185.184,D:\A_ThucNghiem\scripts_v2\workspaces\20260724_010022_d3f7f7b1__baseline_readiness\154_6944525_077b6da2,sandbox readiness passed
155,6944525:d2/src/main/java/com/linkedin/d2/balancer/servers/zookeeperconnectionmanager.java,6944525,6944525,d2,gradle:d2,Gradle,ZooKeeperConnectionManager,ZooKeeperConnectionManager_RBL4_3804399dTest,PASS,ok,122.729,D:\A_ThucNghiem\scripts_v2\workspaces\20260724_010022_d3f7f7b1__baseline_readiness\155_6944525_3804399d,sandbox readiness passed
156,6944525:d2/src/main/java/com/linkedin/d2/balancer/util/warmuploadbalancer.java,6944525,6944525,d2,gradle:d2,Gradle,WarmUpLoadBalancer,WarmUpLoadBalancer_RBL4_7142b9faTest,PASS,ok,122.309,D:\A_ThucNghiem\scripts_v2\workspaces\20260724_010022_d3f7f7b1__baseline_readiness\156_6944525_7142b9fa,sandbox readiness passed
157,6944525:d2/src/main/java/com/linkedin/d2/balancer/strategies/relative/clientselector.java,6944525,6944525,d2,gradle:d2,Gradle,ClientSelector,ClientSelector_RBL4_2a9168baTest,PASS,ok,117.318,D:\A_ThucNghiem\scripts_v2\workspaces\20260724_010022_d3f7f7b1__baseline_readiness\157_6944525_2a9168ba,sandbox readiness passed
158,6944525:d2/src/main/java/com/linkedin/d2/backuprequests/trackingbackuprequestsstrategy.java,6944525,6944525,d2,gradle:d2,Gradle,TrackingBackupRequestsStrategy,TrackingBackupRequestsStrategy_RBL4_f80fcb7aTest,PASS,ok,122.006,D:\A_ThucNghiem\scripts_v2\workspaces\20260724_010022_d3f7f7b1__baseline_readiness\158_6944525_f80fcb7a,sandbox readiness passed
159,6944525:d2/src/main/java/com/linkedin/d2/balancer/strategies/relative/stateupdater.java,6944525,6944525,d2,gradle:d2,Gradle,StateUpdater,StateUpdater_RBL4_c1262f90Test,PASS,ok,122.449,D:\A_ThucNghiem\scripts_v2\workspaces\20260724_010022_d3f7f7b1__baseline_readiness\159_6944525_c1262f90,sandbox readiness passed
160,74999474:parsec-clients/src/main/java/com/yahoo/parsec/clients/randomnameresolver.java,74999474,74999474,parsec-clients,gradle:parsec-clients,Gradle,RandomNameResolver,RandomNameResolver_RBL4_835787fdTest,PASS,ok,20.317,D:\A_ThucNghiem\scripts_v2\workspaces\20260724_010022_d3f7f7b1__baseline_readiness\160_74999474_835787fd,sandbox readiness passed
161,74999474:parsec-clients/src/main/java/com/yahoo/parsec/clients/delegatenameresolver.java,74999474,74999474,parsec-clients,gradle:parsec-clients,Gradle,DelegateNameResolver,DelegateNameResolver_RBL4_ab7abb98Test,PASS,ok,15.58,D:\A_ThucNghiem\scripts_v2\workspaces\20260724_010022_d3f7f7b1__baseline_readiness\161_74999474_ab7abb98,sandbox readiness passed
162,74999474:parsec-clients/src/main/java/com/yahoo/parsec/clients/parseccompletablefuture.java,74999474,74999474,parsec-clients,gradle:parsec-clients,Gradle,ParsecCompletableFuture,ParsecCompletableFuture_RBL4_fd9ad981Test,PASS,ok,16.179,D:\A_ThucNghiem\scripts_v2\workspaces\20260724_010022_d3f7f7b1__baseline_readiness\162_74999474_fd9ad981,sandbox readiness passed
163,74999474:parsec-clients/src/main/java/com/yahoo/parsec/clients/parsechttputil.java,74999474,74999474,parsec-clients,gradle:parsec-clients,Gradle,ParsecHttpUtil,ParsecHttpUtil_RBL4_603d73bfTest,PASS,ok,15.731,D:\A_ThucNghiem\scripts_v2\workspaces\20260724_010022_d3f7f7b1__baseline_readiness\163_74999474_603d73bf,sandbox readiness passed
164,74999474:parsec-clients/src/main/java/com/yahoo/parsec/clients/defaultasynccompletionhandler.java,74999474,74999474,parsec-clients,gradle:parsec-clients,Gradle,DefaultAsyncCompletionHandler,DefaultAsyncCompletionHandler_RBL4_e521567fTest,PASS,ok,15.088,D:\A_ThucNghiem\scripts_v2\workspaces\20260724_010022_d3f7f7b1__baseline_readiness\164_74999474_e521567f,sandbox readiness passed
165,74999474:parsec-clients/src/main/java/com/yahoo/parsec/clients/parsecclientprofilinglogutil.java,74999474,74999474,parsec-clients,gradle:parsec-clients,Gradle,ParsecClientProfilingLogUtil,ParsecClientProfilingLogUtil_RBL4_05c2f6b5Test,PASS,ok,14.755,D:\A_ThucNghiem\scripts_v2\workspaces\20260724_010022_d3f7f7b1__baseline_readiness\165_74999474_05c2f6b5,sandbox readiness passed
166,74999474:parsec-clients/src/main/java/com/yahoo/parsec/clients/parsecasyncprogresstimer.java,74999474,74999474,parsec-clients,gradle:parsec-clients,Gradle,ParsecAsyncProgressTimer,ParsecAsyncProgressTimer_RBL4_9551429bTest,PASS,ok,14.768,D:\A_ThucNghiem\scripts_v2\workspaces\20260724_010022_d3f7f7b1__baseline_readiness\166_74999474_9551429b,sandbox readiness passed
167,74999474:parsec-clients/src/main/java/com/yahoo/parsec/clients/parsecasynchttprequest.java,74999474,74999474,parsec-clients,gradle:parsec-clients,Gradle,ParsecAsyncHttpRequest,ParsecAsyncHttpRequest_RBL4_4328525aTest,PASS,ok,14.739,D:\A_ThucNghiem\scripts_v2\workspaces\20260724_010022_d3f7f7b1__baseline_readiness\167_74999474_4328525a,sandbox readiness passed
168,77481567:core/src/main/java/de/voidnode/trading4j/functionality/timeframeconversion/discretetimeframeconvertingindicator.java,77481567,77481567,core,maven:core,Maven,DiscreteTimeFrameConvertingIndicator,DiscreteTimeFrameConvertingIndicator_RBL4_e0da87f5Test,PASS,ok,7.986,D:\A_ThucNghiem\scripts_v2\workspaces\20260724_010022_d3f7f7b1__baseline_readiness\168_77481567_e0da87f5,sandbox readiness passed
169,77481567:core/src/main/java/de/voidnode/trading4j/indicators/adx/truerange.java,77481567,77481567,core,maven:core,Maven,TrueRange,TrueRange_RBL4_8c7aa6c3Test,PASS,ok,7.763,D:\A_ThucNghiem\scripts_v2\workspaces\20260724_010022_d3f7f7b1__baseline_readiness\169_77481567_8c7aa6c3,sandbox readiness passed
170,77481567:core/src/main/java/de/voidnode/trading4j/functionality/timeframeconversion/timeframeconvertingtradeguard.java,77481567,77481567,core,maven:core,Maven,TimeFrameConvertingTradeGuard,TimeFrameConvertingTradeGuard_RBL4_5d305145Test,PASS,ok,6.708,D:\A_ThucNghiem\scripts_v2\workspaces\20260724_010022_d3f7f7b1__baseline_readiness\170_77481567_5d305145,sandbox readiness passed
171,77481567:core/src/main/java/de/voidnode/trading4j/moneymanagement/standard/defaultmoneymanagement.java,77481567,77481567,core,maven:core,Maven,DefaultMoneyManagement,DefaultMoneyManagement_RBL4_047e84e6Test,PASS,ok,6.692,D:\A_ThucNghiem\scripts_v2\workspaces\20260724_010022_d3f7f7b1__baseline_readiness\171_77481567_047e84e6,sandbox readiness passed
172,77481567:core/src/main/java/de/voidnode/trading4j/domain/timeframe/m15.java,77481567,77481567,core,maven:core,Maven,M15,M15_RBL4_84dc3de1Test,PASS,ok,1.0,D:\A_ThucNghiem\scripts_v2\workspaces\20260724_010022_d3f7f7b1__baseline_readiness\172_77481567_84dc3de1,sandbox readiness passed
173,77481567:core/src/main/java/de/voidnode/trading4j/functionality/smoothers/simplemovingaverageratio.java,77481567,77481567,core,maven:core,Maven,SimpleMovingAverageRatio,SimpleMovingAverageRatio_RBL4_3960d3dfTest,PASS,ok,0.954,D:\A_ThucNghiem\scripts_v2\workspaces\20260724_010022_d3f7f7b1__baseline_readiness\173_77481567_3960d3df,sandbox readiness passed
174,77481567:core/src/main/java/de/voidnode/trading4j/domain/monetary/accurateprice.java,77481567,77481567,core,maven:core,Maven,AccuratePrice,AccuratePrice_RBL4_ed9b3a40Test,PASS,ok,1.0,D:\A_ThucNghiem\scripts_v2\workspaces\20260724_010022_d3f7f7b1__baseline_readiness\174_77481567_ed9b3a40,sandbox readiness passed
175,77481567:core/src/main/java/de/voidnode/trading4j/domain/volume.java,77481567,77481567,core,maven:core,Maven,Volume,Volume_RBL4_743939aeTest,PASS,ok,0.998,D:\A_ThucNghiem\scripts_v2\workspaces\20260724_010022_d3f7f7b1__baseline_readiness\175_77481567_743939ae,sandbox readiness passed
176,78444970:examples/graph/src/main/java/graph/algorithm/color/welshpowell.java,78444970,78444970,examples/graph,maven:examples/graph,Maven,WelshPowell,WelshPowell_RBL4_a5bc6a77Test,PASS,ok,21.397,D:\A_ThucNghiem\scripts_v2\workspaces\20260724_010022_d3f7f7b1__baseline_readiness\176_78444970_a5bc6a77,sandbox readiness passed
177,78444970:examples/structures/src/main/java/ds/stack/arraystack.java,78444970,78444970,examples/structures,maven:examples/structures,Maven,ArrayStack,ArrayStack_RBL4_b8276d51Test,PASS,ok,21.376,D:\A_ThucNghiem\scripts_v2\workspaces\20260724_010022_d3f7f7b1__baseline_readiness\177_78444970_b8276d51,sandbox readiness passed
178,78444970:examples/graph/src/main/java/graph/algorithm/traversal/dfs.java,78444970,78444970,examples/graph,maven:examples/graph,Maven,Dfs,Dfs_RBL4_4340daa1Test,PASS,ok,21.356,D:\A_ThucNghiem\scripts_v2\workspaces\20260724_010022_d3f7f7b1__baseline_readiness\178_78444970_4340daa1,sandbox readiness passed
179,78444970:examples/graph/src/main/java/graph/algorithm/path/dijkstra.java,78444970,78444970,examples/graph,maven:examples/graph,Maven,Dijkstra,Dijkstra_RBL4_6d96978aTest,PASS,ok,21.349,D:\A_ThucNghiem\scripts_v2\workspaces\20260724_010022_d3f7f7b1__baseline_readiness\179_78444970_6d96978a,sandbox readiness passed
180,78444970:examples/graph/src/main/java/graph/algorithm/path/astar.java,78444970,78444970,examples/graph,maven:examples/graph,Maven,AStar,AStar_RBL4_caed66ebTest,PASS,ok,2.636,D:\A_ThucNghiem\scripts_v2\workspaces\20260724_010022_d3f7f7b1__baseline_readiness\180_78444970_caed66eb,sandbox readiness passed
181,78444970:examples/structures/src/main/java/ds/heap/arrayheap.java,78444970,78444970,examples/structures,maven:examples/structures,Maven,ArrayHeap,ArrayHeap_RBL4_cc0b81f1Test,PASS,ok,2.634,D:\A_ThucNghiem\scripts_v2\workspaces\20260724_010022_d3f7f7b1__baseline_readiness\181_78444970_cc0b81f1,sandbox readiness passed
182,78444970:examples/graph/src/main/java/graph/algorithm/mst/jarnikprim.java,78444970,78444970,examples/graph,maven:examples/graph,Maven,JarnikPrim,JarnikPrim_RBL4_9f5bd54aTest,PASS,ok,2.66,D:\A_ThucNghiem\scripts_v2\workspaces\20260724_010022_d3f7f7b1__baseline_readiness\182_78444970_9f5bd54a,sandbox readiness passed
183,78444970:examples/graph/src/main/java/graph/algorithm/path/floydwarshall.java,78444970,78444970,examples/graph,maven:examples/graph,Maven,FloydWarshall,FloydWarshall_RBL4_592f2b06Test,PASS,ok,2.636,D:\A_ThucNghiem\scripts_v2\workspaces\20260724_010022_d3f7f7b1__baseline_readiness\183_78444970_592f2b06,sandbox readiness passed
184,81384608:integrations/spark/spark-catalog/spark-catalog-core/src/main/java/com/thinkbiganalytics/kylo/catalog/spark/sources/jdbc/jdbchighwatermarkvisitor.java,81384608,81384608,integrations/spark/spark-catalog/spark-catalog-core,maven:integrations/spark/spark-catalog/spark-catalog-core,Maven,JdbcHighWaterMarkVisitor,JdbcHighWaterMarkVisitor_RBL4_347735f5Test,PASS,ok,316.008,D:\A_ThucNghiem\scripts_v2\workspaces\20260724_010022_d3f7f7b1__baseline_readiness\184_81384608_347735f5,sandbox readiness passed
185,81384608:integrations/spark/spark-catalog/spark-catalog-core/src/main/java/com/thinkbiganalytics/kylo/catalog/spark/sources/jdbc/jdbchighwatermarkaccumulableparam.java,81384608,81384608,integrations/spark/spark-catalog/spark-catalog-core,maven:integrations/spark/spark-catalog/spark-catalog-core,Maven,JdbcHighWaterMarkAccumulableParam,JdbcHighWaterMarkAccumulableParam_RBL4_1975b3e4Test,PASS,ok,292.38,D:\A_ThucNghiem\scripts_v2\workspaces\20260724_010022_d3f7f7b1__baseline_readiness\185_81384608_1975b3e4,sandbox readiness passed
186,81384608:integrations/spark/spark-catalog/spark-catalog-core/src/main/java/com/thinkbiganalytics/kylo/catalog/spark/sources/datasetutil.java,81384608,81384608,integrations/spark/spark-catalog/spark-catalog-core,maven:integrations/spark/spark-catalog/spark-catalog-core,Maven,DataSetUtil,DataSetUtil_RBL4_79e5be4dTest,PASS,ok,363.931,D:\A_ThucNghiem\scripts_v2\workspaces\20260724_010022_d3f7f7b1__baseline_readiness\186_81384608_79e5be4d,sandbox readiness passed
187,81384608:integrations/spark/spark-catalog/spark-catalog-core/src/main/java/com/thinkbiganalytics/kylo/catalog/spark/sources/jdbc/jdbcrelationprovider.java,81384608,81384608,integrations/spark/spark-catalog/spark-catalog-core,maven:integrations/spark/spark-catalog/spark-catalog-core,Maven,JdbcRelationProvider,JdbcRelationProvider_RBL4_901bfaa9Test,PASS,ok,339.998,D:\A_ThucNghiem\scripts_v2\workspaces\20260724_010022_d3f7f7b1__baseline_readiness\187_81384608_901bfaa9,sandbox readiness passed
188,81384608:integrations/spark/spark-catalog/spark-catalog-core/src/main/java/com/thinkbiganalytics/kylo/catalog/spark/sources/jdbc/jdbchighwatermark.java,81384608,81384608,integrations/spark/spark-catalog/spark-catalog-core,maven:integrations/spark/spark-catalog/spark-catalog-core,Maven,JdbcHighWaterMark,JdbcHighWaterMark_RBL4_0b3aff22Test,PASS,ok,94.971,D:\A_ThucNghiem\scripts_v2\workspaces\20260724_010022_d3f7f7b1__baseline_readiness\188_81384608_0b3aff22,sandbox readiness passed
189,81384608:integrations/spark/spark-catalog/spark-catalog-core/src/main/java/com/thinkbiganalytics/kylo/catalog/spark/abstractdatasetoptionsaccess.java,81384608,81384608,integrations/spark/spark-catalog/spark-catalog-core,maven:integrations/spark/spark-catalog/spark-catalog-core,Maven,AbstractDataSetOptionsAccess,AbstractDataSetOptionsAccess_RBL4_da844f5aTest,PASS,ok,95.096,D:\A_ThucNghiem\scripts_v2\workspaces\20260724_010022_d3f7f7b1__baseline_readiness\189_81384608_da844f5a,sandbox readiness passed
190,81384608:integrations/spark/spark-catalog/spark-catalog-core/src/main/java/com/thinkbiganalytics/kylo/catalog/spark/sources/spark/highwatermarkinputformat.java,81384608,81384608,integrations/spark/spark-catalog/spark-catalog-core,maven:integrations/spark/spark-catalog/spark-catalog-core,Maven,HighWaterMarkInputFormat,HighWaterMarkInputFormat_RBL4_5fd49e1fTest,PASS,ok,99.395,D:\A_ThucNghiem\scripts_v2\workspaces\20260724_010022_d3f7f7b1__baseline_readiness\190_81384608_5fd49e1f,sandbox readiness passed
191,81384608:integrations/spark/spark-catalog/spark-catalog-core/src/main/java/com/thinkbiganalytics/kylo/catalog/spark/sources/spark/sparkdatasetcontext.java,81384608,81384608,integrations/spark/spark-catalog/spark-catalog-core,maven:integrations/spark/spark-catalog/spark-catalog-core,Maven,SparkDataSetContext,SparkDataSetContext_RBL4_7e6fcfeeTest,PASS,ok,118.703,D:\A_ThucNghiem\scripts_v2\workspaces\20260724_010022_d3f7f7b1__baseline_readiness\191_81384608_7e6fcfee,sandbox readiness passed
192,85795396:metrics-dropwizardmetrics/src/main/java/org/apache/calcite/avatica/metrics/dropwizard/dropwizardgauge.java,85795396,85795396,metrics-dropwizardmetrics,gradle:metrics-dropwizardmetrics,Gradle,DropwizardGauge,DropwizardGauge_RBL4_3f1ba9c7Test,PASS,ok,41.119,D:\A_ThucNghiem\scripts_v2\workspaces\20260724_010022_d3f7f7b1__baseline_readiness\192_85795396_3f1ba9c7,sandbox readiness passed
193,85795396:metrics-dropwizardmetrics/src/main/java/org/apache/calcite/avatica/metrics/dropwizard/dropwizardhistogram.java,85795396,85795396,metrics-dropwizardmetrics,gradle:metrics-dropwizardmetrics,Gradle,DropwizardHistogram,DropwizardHistogram_RBL4_0b144c66Test,PASS,ok,25.866,D:\A_ThucNghiem\scripts_v2\workspaces\20260724_010022_d3f7f7b1__baseline_readiness\193_85795396_0b144c66,sandbox readiness passed
194,85795396:core/src/main/java/org/apache/calcite/avatica/remote/protobufhandler.java,85795396,85795396,core,gradle:core,Gradle,ProtobufHandler,ProtobufHandler_RBL4_d33c3262Test,PASS,ok,51.889,D:\A_ThucNghiem\scripts_v2\workspaces\20260724_010022_d3f7f7b1__baseline_readiness\194_85795396_d33c3262,sandbox readiness passed
195,85795396:metrics-dropwizardmetrics/src/main/java/org/apache/calcite/avatica/metrics/dropwizard/dropwizardmetricssystem.java,85795396,85795396,metrics-dropwizardmetrics,gradle:metrics-dropwizardmetrics,Gradle,DropwizardMetricsSystem,DropwizardMetricsSystem_RBL4_b6cb9e18Test,PASS,ok,38.262,D:\A_ThucNghiem\scripts_v2\workspaces\20260724_010022_d3f7f7b1__baseline_readiness\195_85795396_b6cb9e18,sandbox readiness passed
196,85795396:core/src/main/java/org/apache/calcite/avatica/remote/protobufservice.java,85795396,85795396,core,gradle:core,Gradle,ProtobufService,ProtobufService_RBL4_33f17a9fTest,PASS,ok,58.14,D:\A_ThucNghiem\scripts_v2\workspaces\20260724_010022_d3f7f7b1__baseline_readiness\196_85795396_33f17a9f,sandbox readiness passed
197,85795396:core/src/main/java/org/apache/calcite/avatica/remote/kerberosconnection.java,85795396,85795396,core,gradle:core,Gradle,KerberosConnection,KerberosConnection_RBL4_e0bbdbb3Test,PASS,ok,61.579,D:\A_ThucNghiem\scripts_v2\workspaces\20260724_010022_d3f7f7b1__baseline_readiness\197_85795396_e0bbdbb3,sandbox readiness passed
198,85795396:core/src/main/java/org/apache/calcite/avatica/connectionpropertiesimpl.java,85795396,85795396,core,gradle:core,Gradle,ConnectionPropertiesImpl,ConnectionPropertiesImpl_RBL4_5c0f04f0Test,PASS,ok,64.757,D:\A_ThucNghiem\scripts_v2\workspaces\20260724_010022_d3f7f7b1__baseline_readiness\198_85795396_5c0f04f0,sandbox readiness passed
199,85795396:core/src/main/java/org/apache/calcite/avatica/querystate.java,85795396,85795396,core,gradle:core,Gradle,QueryState,QueryState_RBL4_22b34a0aTest,PASS,ok,63.364,D:\A_ThucNghiem\scripts_v2\workspaces\20260724_010022_d3f7f7b1__baseline_readiness\199_85795396_22b34a0a,sandbox readiness passed
200,95247959:http-clients/netty-nio-client/src/main/java/software/amazon/awssdk/http/nio/netty/internal/http2/http2settingsframehandler.java,95247959,95247959,http-clients/netty-nio-client,maven:http-clients/netty-nio-client,Maven,Http2SettingsFrameHandler,Http2SettingsFrameHandler_RBL4_27231889Test,PASS,ok,496.919,D:\A_ThucNghiem\scripts_v2\workspaces\20260724_010022_d3f7f7b1__baseline_readiness\200_95247959_27231889,sandbox readiness passed
201,95247959:http-clients/netty-nio-client/src/main/java/software/amazon/awssdk/http/nio/netty/internal/sharedsdkeventloopgroup.java,95247959,95247959,http-clients/netty-nio-client,maven:http-clients/netty-nio-client,Maven,SharedSdkEventLoopGroup,SharedSdkEventLoopGroup_RBL4_9e42aa37Test,PASS,ok,336.955,D:\A_ThucNghiem\scripts_v2\workspaces\20260724_010022_d3f7f7b1__baseline_readiness\201_95247959_9e42aa37,sandbox readiness passed
202,95247959:http-clients/netty-nio-client/src/main/java/software/amazon/awssdk/http/nio/netty/internal/proxytunnelinithandler.java,95247959,95247959,http-clients/netty-nio-client,maven:http-clients/netty-nio-client,Maven,ProxyTunnelInitHandler,ProxyTunnelInitHandler_RBL4_8592520dTest,PASS,ok,369.192,D:\A_ThucNghiem\scripts_v2\workspaces\20260724_010022_d3f7f7b1__baseline_readiness\202_95247959_8592520d,sandbox readiness passed
203,95247959:http-clients/netty-nio-client/src/main/java/software/amazon/awssdk/http/nio/netty/internal/utils/channelutils.java,95247959,95247959,http-clients/netty-nio-client,maven:http-clients/netty-nio-client,Maven,ChannelUtils,ChannelUtils_RBL4_6d41ba87Test,PASS,ok,407.584,D:\A_ThucNghiem\scripts_v2\workspaces\20260724_010022_d3f7f7b1__baseline_readiness\203_95247959_6d41ba87,sandbox readiness passed
204,95247959:http-clients/netty-nio-client/src/main/java/software/amazon/awssdk/http/nio/netty/internal/http1tunnelconnectionpool.java,95247959,95247959,http-clients/netty-nio-client,maven:http-clients/netty-nio-client,Maven,Http1TunnelConnectionPool,Http1TunnelConnectionPool_RBL4_f157e96cTest,PASS,ok,160.517,D:\A_ThucNghiem\scripts_v2\workspaces\20260724_010022_d3f7f7b1__baseline_readiness\204_95247959_f157e96c,sandbox readiness passed
205,95247959:http-clients/netty-nio-client/src/main/java/software/amazon/awssdk/http/nio/netty/internal/honorcloseonreleasechannelpool.java,95247959,95247959,http-clients/netty-nio-client,maven:http-clients/netty-nio-client,Maven,HonorCloseOnReleaseChannelPool,HonorCloseOnReleaseChannelPool_RBL4_0c77cc85Test,PASS,ok,156.947,D:\A_ThucNghiem\scripts_v2\workspaces\20260724_010022_d3f7f7b1__baseline_readiness\205_95247959_0c77cc85,sandbox readiness passed
206,95247959:http-clients/netty-nio-client/src/main/java/software/amazon/awssdk/http/nio/netty/internal/utils/betterfixedchannelpool.java,95247959,95247959,http-clients/netty-nio-client,maven:http-clients/netty-nio-client,Maven,BetterFixedChannelPool,BetterFixedChannelPool_RBL4_4477633fTest,PASS,ok,160.521,D:\A_ThucNghiem\scripts_v2\workspaces\20260724_010022_d3f7f7b1__baseline_readiness\206_95247959_4477633f,sandbox readiness passed
207,95247959:http-clients/netty-nio-client/src/main/java/software/amazon/awssdk/http/nio/netty/proxyconfiguration.java,95247959,95247959,http-clients/netty-nio-client,maven:http-clients/netty-nio-client,Maven,ProxyConfiguration,ProxyConfiguration_RBL4_51b0240dTest,PASS,ok,166.232,D:\A_ThucNghiem\scripts_v2\workspaces\20260724_010022_d3f7f7b1__baseline_readiness\207_95247959_51b0240d,sandbox readiness passed
208,9619226:spring-data-simpledb-impl/src/main/java/org/springframework/data/simpledb/util/alphanumstringcomparator.java,9619226,9619226,spring-data-simpledb-impl,maven:spring-data-simpledb-impl,Maven,AlphanumStringComparator,AlphanumStringComparator_RBL4_324510faTest,PASS,ok,4.877,D:\A_ThucNghiem\scripts_v2\workspaces\20260724_010022_d3f7f7b1__baseline_readiness\208_9619226_324510fa,sandbox readiness passed
209,9619226:spring-data-simpledb-impl/src/main/java/org/springframework/data/simpledb/core/domainitembuilder.java,9619226,9619226,spring-data-simpledb-impl,maven:spring-data-simpledb-impl,Maven,DomainItemBuilder,DomainItemBuilder_RBL4_fe7e4c72Test,PASS,ok,0.293,D:\A_ThucNghiem\scripts_v2\workspaces\20260724_010022_d3f7f7b1__baseline_readiness\209_9619226_fe7e4c72,sandbox readiness passed
210,9619226:spring-data-simpledb-impl/src/main/java/org/springframework/data/simpledb/query/simpledbresultconverter.java,9619226,9619226,spring-data-simpledb-impl,maven:spring-data-simpledb-impl,Maven,SimpleDbResultConverter,SimpleDbResultConverter_RBL4_c6463d40Test,PASS,ok,0.28,D:\A_ThucNghiem\scripts_v2\workspaces\20260724_010022_d3f7f7b1__baseline_readiness\210_9619226_c6463d40,sandbox readiness passed
211,9619226:spring-data-simpledb-impl/src/main/java/org/springframework/data/simpledb/query/simpledbrepositoryquery.java,9619226,9619226,spring-data-simpledb-impl,maven:spring-data-simpledb-impl,Maven,SimpleDbRepositoryQuery,SimpleDbRepositoryQuery_RBL4_ec1e9b28Test,PASS,ok,0.295,D:\A_ThucNghiem\scripts_v2\workspaces\20260724_010022_d3f7f7b1__baseline_readiness\211_9619226_ec1e9b28,sandbox readiness passed
212,9619226:spring-data-simpledb-impl/src/main/java/org/springframework/data/simpledb/util/maputils.java,9619226,9619226,spring-data-simpledb-impl,maven:spring-data-simpledb-impl,Maven,MapUtils,MapUtils_RBL4_d5ece548Test,PASS,ok,0.303,D:\A_ThucNghiem\scripts_v2\workspaces\20260724_010022_d3f7f7b1__baseline_readiness\212_9619226_d5ece548,sandbox readiness passed
213,9619226:spring-data-simpledb-impl/src/main/java/org/springframework/data/simpledb/exception/simpledbexceptiontranslator.java,9619226,9619226,spring-data-simpledb-impl,maven:spring-data-simpledb-impl,Maven,SimpleDbExceptionTranslator,SimpleDbExceptionTranslator_RBL4_9f019880Test,PASS,ok,0.282,D:\A_ThucNghiem\scripts_v2\workspaces\20260724_010022_d3f7f7b1__baseline_readiness\213_9619226_9f019880,sandbox readiness passed
214,9619226:spring-data-simpledb-impl/src/main/java/org/springframework/data/simpledb/query/parttreeconverter.java,9619226,9619226,spring-data-simpledb-impl,maven:spring-data-simpledb-impl,Maven,PartTreeConverter,PartTreeConverter_RBL4_0742ac9cTest,PASS,ok,0.295,D:\A_ThucNghiem\scripts_v2\workspaces\20260724_010022_d3f7f7b1__baseline_readiness\214_9619226_0742ac9c,sandbox readiness passed
215,9619226:spring-data-simpledb-impl/src/main/java/org/springframework/data/simpledb/attributeutil/simpledbattributeconverter.java,9619226,9619226,spring-data-simpledb-impl,maven:spring-data-simpledb-impl,Maven,SimpleDBAttributeConverter,SimpleDBAttributeConverter_RBL4_3b9a0f18Test,PASS,ok,0.299,D:\A_ThucNghiem\scripts_v2\workspaces\20260724_010022_d3f7f7b1__baseline_readiness\215_9619226_3b9a0f18,sandbox readiness passed
216,97822421:infrastructure/src/main/java/com/pchudzik/springmock/infrastructure/definition/registry/doublenameresolver.java,97822421,97822421,infrastructure,maven:infrastructure,Maven,DoubleNameResolver,DoubleNameResolver_RBL4_9722645dTest,PASS,ok,6.731,D:\A_ThucNghiem\scripts_v2\workspaces\20260724_010022_d3f7f7b1__baseline_readiness\216_97822421_9722645d,sandbox readiness passed
217,97822421:infrastructure/src/main/java/com/pchudzik/springmock/infrastructure/annotation/nodoubleclassdefined.java,97822421,97822421,infrastructure,maven:infrastructure,Maven,NoDoubleClassDefined,NoDoubleClassDefined_RBL4_f739e0feTest,PASS,ok,0.438,D:\A_ThucNghiem\scripts_v2\workspaces\20260724_010022_d3f7f7b1__baseline_readiness\217_97822421_f739e0fe,sandbox readiness passed
218,97822421:infrastructure/src/main/java/com/pchudzik/springmock/infrastructure/spring/mockclassresolver.java,97822421,97822421,infrastructure,maven:infrastructure,Maven,MockClassResolver,MockClassResolver_RBL4_7e494c92Test,PASS,ok,0.414,D:\A_ThucNghiem\scripts_v2\workspaces\20260724_010022_d3f7f7b1__baseline_readiness\218_97822421_7e494c92,sandbox readiness passed
219,97822421:infrastructure/src/main/java/com/pchudzik/springmock/infrastructure/definition/registry/doubleconfigurationresolver.java,97822421,97822421,infrastructure,maven:infrastructure,Maven,DoubleConfigurationResolver,DoubleConfigurationResolver_RBL4_f449ae5fTest,PASS,ok,0.488,D:\A_ThucNghiem\scripts_v2\workspaces\20260724_010022_d3f7f7b1__baseline_readiness\219_97822421_f449ae5f,sandbox readiness passed
220,97822421:infrastructure/src/main/java/com/pchudzik/springmock/infrastructure/spring/util/applicationcontextwalker.java,97822421,97822421,infrastructure,maven:infrastructure,Maven,ApplicationContextWalker,ApplicationContextWalker_RBL4_8573e9e6Test,PASS,ok,0.611,D:\A_ThucNghiem\scripts_v2\workspaces\20260724_010022_d3f7f7b1__baseline_readiness\220_97822421_8573e9e6,sandbox readiness passed
221,97822421:infrastructure/src/main/java/com/pchudzik/springmock/infrastructure/spring/util/beandefinitionfinder.java,97822421,97822421,infrastructure,maven:infrastructure,Maven,BeanDefinitionFinder,BeanDefinitionFinder_RBL4_e4d7c8afTest,PASS,ok,0.399,D:\A_ThucNghiem\scripts_v2\workspaces\20260724_010022_d3f7f7b1__baseline_readiness\221_97822421_e4d7c8af,sandbox readiness passed
222,97822421:infrastructure/src/main/java/com/pchudzik/springmock/infrastructure/definition/registry/doublesearch.java,97822421,97822421,infrastructure,maven:infrastructure,Maven,DoubleSearch,DoubleSearch_RBL4_ffeb6769Test,PASS,ok,0.555,D:\A_ThucNghiem\scripts_v2\workspaces\20260724_010022_d3f7f7b1__baseline_readiness\222_97822421_ffeb6769,sandbox readiness passed
223,97822421:infrastructure/src/main/java/com/pchudzik/springmock/infrastructure/definition/doublename.java,97822421,97822421,infrastructure,maven:infrastructure,Maven,DoubleName,DoubleName_RBL4_a3466d37Test,PASS,ok,0.812,D:\A_ThucNghiem\scripts_v2\workspaces\20260724_010022_d3f7f7b1__baseline_readiness\223_97822421_a3466d37,sandbox readiness passed
224,98410891:core/src/main/java/com/softavail/commsrouter/eval/rsqlevaluatorfactory.java,98410891,98410891,core,maven:core,Maven,RsqlEvaluatorFactory,RsqlEvaluatorFactory_RBL4_fb92d911Test,PASS,ok,33.14,D:\A_ThucNghiem\scripts_v2\workspaces\20260724_010022_d3f7f7b1__baseline_readiness\224_98410891_fb92d911,sandbox readiness passed
225,98410891:core/src/main/java/com/softavail/commsrouter/domain/routerobject.java,98410891,98410891,core,maven:core,Maven,RouterObject,RouterObject_RBL4_12e60e04Test,PASS,ok,36.068,D:\A_ThucNghiem\scripts_v2\workspaces\20260724_010022_d3f7f7b1__baseline_readiness\225_98410891_12e60e04,sandbox readiness passed
226,98410891:applications/demo/src/main/java/com/softavail/comms/demo/application/impl/cfg4jconfiguration.java,98410891,98410891,applications/demo,maven:applications/demo,Maven,Cfg4jConfiguration,Cfg4jConfiguration_RBL4_4b1af932Test,PASS,ok,27.605,D:\A_ThucNghiem\scripts_v2\workspaces\20260724_010022_d3f7f7b1__baseline_readiness\226_98410891_4b1af932,sandbox readiness passed
227,98410891:applications/demo/src/main/java/com/softavail/comms/demo/application/impl/propertiesconfiguration.java,98410891,98410891,applications/demo,maven:applications/demo,Maven,PropertiesConfiguration,PropertiesConfiguration_RBL4_1e12e7ddTest,PASS,ok,27.154,D:\A_ThucNghiem\scripts_v2\workspaces\20260724_010022_d3f7f7b1__baseline_readiness\227_98410891_1e12e7dd,sandbox readiness passed
228,98410891:core-interface/src/main/java/com/softavail/commsrouter/api/dto/model/skill/numberintervalboundary.java,98410891,98410891,core-interface,maven:core-interface,Maven,NumberIntervalBoundary,NumberIntervalBoundary_RBL4_1b7997e6Test,PASS,ok,13.689,D:\A_ThucNghiem\scripts_v2\workspaces\20260724_010022_d3f7f7b1__baseline_readiness\228_98410891_1b7997e6,sandbox readiness passed
229,98410891:core-interface/src/main/java/com/softavail/commsrouter/api/dto/model/skill/numberattributedomaindto.java,98410891,98410891,core-interface,maven:core-interface,Maven,NumberAttributeDomainDto,NumberAttributeDomainDto_RBL4_a597dd0fTest,PASS,ok,27.13,D:\A_ThucNghiem\scripts_v2\workspaces\20260724_010022_d3f7f7b1__baseline_readiness\229_98410891_a597dd0f,sandbox readiness passed
230,98410891:core/src/main/java/com/softavail/commsrouter/api/service/skillvalidator.java,98410891,98410891,core,maven:core,Maven,SkillValidator,SkillValidator_RBL4_cb7f3212Test,PASS,ok,24.549,D:\A_ThucNghiem\scripts_v2\workspaces\20260724_010022_d3f7f7b1__baseline_readiness\230_98410891_cb7f3212,sandbox readiness passed
231,98410891:core/src/main/java/com/softavail/commsrouter/domain/dto/mappers/attributedomainmapper.java,98410891,98410891,core,maven:core,Maven,AttributeDomainMapper,AttributeDomainMapper_RBL4_8e2f6551Test,PASS,ok,36.997,D:\A_ThucNghiem\scripts_v2\workspaces\20260724_010022_d3f7f7b1__baseline_readiness\231_98410891_8e2f6551,sandbox readiness passed
232,9884445:minnal-jaxrs/minnal-instrumentation-jaxrs/src/main/java/org/minnal/instrument/entity/metadata/handler/manytomanyannotationhandler.java,9884445,9884445,minnal-jaxrs/minnal-instrumentation-jaxrs,maven:minnal-jaxrs/minnal-instrumentation-jaxrs,Maven,ManyToManyAnnotationHandler,ManyToManyAnnotationHandler_RBL4_a6306c47Test,PASS,ok,25.816,D:\A_ThucNghiem\scripts_v2\workspaces\20260724_010022_d3f7f7b1__baseline_readiness\232_9884445_a6306c47,sandbox readiness passed
233,9884445:minnal-jaxrs/minnal-instrumentation-jaxrs/src/main/java/org/minnal/instrument/entity/metadata/handler/securemultipleannotationhandler.java,9884445,9884445,minnal-jaxrs/minnal-instrumentation-jaxrs,maven:minnal-jaxrs/minnal-instrumentation-jaxrs,Maven,SecureMultipleAnnotationHandler,SecureMultipleAnnotationHandler_RBL4_3b15123aTest,PASS,ok,28.926,D:\A_ThucNghiem\scripts_v2\workspaces\20260724_010022_d3f7f7b1__baseline_readiness\233_9884445_3b15123a,sandbox readiness passed
234,9884445:minnal-jaxrs/minnal-instrumentation-jaxrs/src/main/java/org/minnal/instrument/entity/metadata/handler/elementcollectionannotationhandler.java,9884445,9884445,minnal-jaxrs/minnal-instrumentation-jaxrs,maven:minnal-jaxrs/minnal-instrumentation-jaxrs,Maven,ElementCollectionAnnotationHandler,ElementCollectionAnnotationHandler_RBL4_7e40a186Test,PASS,ok,29.677,D:\A_ThucNghiem\scripts_v2\workspaces\20260724_010022_d3f7f7b1__baseline_readiness\234_9884445_7e40a186,sandbox readiness passed
235,9884445:minnal-jaxrs/minnal-instrumentation-jaxrs/src/main/java/org/minnal/instrument/resource/metadata/resourcemetadatabuilder.java,9884445,9884445,minnal-jaxrs/minnal-instrumentation-jaxrs,maven:minnal-jaxrs/minnal-instrumentation-jaxrs,Maven,ResourceMetaDataBuilder,ResourceMetaDataBuilder_RBL4_c1478021Test,PASS,ok,33.454,D:\A_ThucNghiem\scripts_v2\workspaces\20260724_010022_d3f7f7b1__baseline_readiness\235_9884445_c1478021,sandbox readiness passed
236,9884445:minnal-jaxrs/minnal-instrumentation-jaxrs/src/main/java/org/minnal/instrument/entity/metadata/handler/searchableannotationhandler.java,9884445,9884445,minnal-jaxrs/minnal-instrumentation-jaxrs,maven:minnal-jaxrs/minnal-instrumentation-jaxrs,Maven,SearchableAnnotationHandler,SearchableAnnotationHandler_RBL4_19519df8Test,PASS,ok,39.132,D:\A_ThucNghiem\scripts_v2\workspaces\20260724_010022_d3f7f7b1__baseline_readiness\236_9884445_19519df8,sandbox readiness passed
237,9884445:minnal-jaxrs/minnal-instrumentation-jaxrs/src/main/java/org/minnal/instrument/applicationenhancer.java,9884445,9884445,minnal-jaxrs/minnal-instrumentation-jaxrs,maven:minnal-jaxrs/minnal-instrumentation-jaxrs,Maven,ApplicationEnhancer,ApplicationEnhancer_RBL4_7bd3161bTest,PASS,ok,41.77,D:\A_ThucNghiem\scripts_v2\workspaces\20260724_010022_d3f7f7b1__baseline_readiness\237_9884445_7bd3161b,sandbox readiness passed
238,9884445:minnal-jaxrs/minnal-instrumentation-jaxrs/src/main/java/org/minnal/instrument/resource/resourceutil.java,9884445,9884445,minnal-jaxrs/minnal-instrumentation-jaxrs,maven:minnal-jaxrs/minnal-instrumentation-jaxrs,Maven,ResourceUtil,ResourceUtil_RBL4_be372e05Test,PASS,ok,41.632,D:\A_ThucNghiem\scripts_v2\workspaces\20260724_010022_d3f7f7b1__baseline_readiness\238_9884445_be372e05,sandbox readiness passed
239,9884445:minnal-jaxrs/minnal-instrumentation-jaxrs/src/main/java/org/minnal/instrument/entity/metadata/actionmetadata.java,9884445,9884445,minnal-jaxrs/minnal-instrumentation-jaxrs,maven:minnal-jaxrs/minnal-instrumentation-jaxrs,Maven,ActionMetaData,ActionMetaData_RBL4_8bc4b0feTest,PASS,ok,41.628,D:\A_ThucNghiem\scripts_v2\workspaces\20260724_010022_d3f7f7b1__baseline_readiness\239_9884445_8bc4b0fe,sandbox readiness passed
