timestamp_utc,project,status,error_type,error_message,traceback
2026-07-17T01:55:47+00:00,35132359,OK,,,
2026-07-17T02:01:49+00:00,3526892,OK,,,
2026-07-17T02:04:16+00:00,37489990,OK,,,
2026-07-17T02:05:38+00:00,37728390,OK,,,
2026-07-17T02:15:58+00:00,38080174,OK,,,
2026-07-17T02:17:16+00:00,39770930,OK,,,
2026-07-17T02:18:20+00:00,49126308,OK,,,
2026-07-17T02:20:51+00:00,50552134,OK,,,
2026-07-17T02:24:04+00:00,5093728,OK,,,
2026-07-17T02:28:00+00:00,5175291,OK,,,
2026-07-17T02:28:45+00:00,54231507,OK,,,
2026-07-17T02:30:48+00:00,54620819,OK,,,
2026-07-17T02:37:48+00:00,56342003,OK,,,
2026-07-17T02:38:42+00:00,57251243,OK,,,
2026-07-17T02:40:06+00:00,5745625,OK,,,
2026-07-17T02:41:00+00:00,58086354,OK,,,
2026-07-17T02:41:04+00:00,58767125,OK,,,
2026-07-17T02:47:55+00:00,6489406,OK,,,
2026-07-17T02:49:01+00:00,70711909,OK,,,
2026-07-17T02:50:39+00:00,7091762,OK,,,
2026-07-17T02:51:22+00:00,7283919,OK,,,
2026-07-17T02:53:08+00:00,73087334,OK,,,
2026-07-17T02:53:42+00:00,74217,OK,,,
2026-07-17T03:03:16+00:00,74458764,OK,,,
2026-07-17T03:04:46+00:00,75368166,OK,,,
2026-07-17T03:06:36+00:00,771158,OK,,,
2026-07-17T03:08:14+00:00,7723306,OK,,,
2026-07-17T03:10:34+00:00,79246257,OK,,,
2026-07-17T03:13:12+00:00,812511,OK,,,
2026-07-17T03:14:31+00:00,82282677,OK,,,
2026-07-17T03:16:42+00:00,88231534,OK,,,
2026-07-17T03:21:21+00:00,89562636,OK,,,
2026-07-17T03:22:59+00:00,960343,OK,,,
