sample_index,class_key,project,repo_id,focal_class,focal_path,module,scope_key,build_tool,java_version,complexity_half,nloc,token_count,method_count,public_method_count,max_method_cc,sum_method_cc,avg_method_cc,selection_rank_in_repo,original_manifest_index,split_name,evosuite_branch_coverage,gpt_branch_coverage,evosuite_compilation,gpt_compilation,evosuite_line_coverage,gpt_line_coverage,evosuite_method_coverage,gpt_method_coverage,evosuite_mutation_coverage,gpt_mutation_coverage,evosuite_strict_branch_coverage,gpt_strict_branch_coverage,evosuite_strict_line_coverage,gpt_strict_line_coverage,evosuite_strict_method_coverage,gpt_strict_method_coverage,evosuite_strict_mutation_coverage,gpt_strict_mutation_coverage,strict_mutation_diff_gpt_minus_evosuite,rq4_wilcoxon_shifted_value,strict_branch_diff_gpt_minus_evosuite
0,3713233:core/src/main/java/org/junithelper/core/file/filesearcherfactory.java,3713233,3713233,FileSearcherFactory,core/src/main/java/org/junithelper/core/file/FileSearcherFactory.java,core,maven:core,Maven,1.6,lower_complexity_half,8,34,2,1,1,2,1.0,4,8,pilot60,,,1,1,100.0,100.0,100.0,100.0,0.0,100.0,0.0,0.0,100.0,100.0,100.0,100.0,0.0,100.0,100.0,105.0,0.0
1,3713233:core/src/main/java/org/junithelper/core/extractor/constructormetaextractor.java,3713233,3713233,ConstructorMetaExtractor,core/src/main/java/org/junithelper/core/extractor/ConstructorMetaExtractor.java,core,maven:core,Maven,1.6,higher_complexity_half,131,1108,6,3,13,23,3.8333333333333335,1,279,pilot60,38.24,35.29,1,1,53.57,48.81,100.0,100.0,3.85,11.54,38.24,35.29,53.57,48.81,100.0,100.0,3.85,11.54,7.6899999999999995,12.69,-2.950000000000003
2,3847504:modules/weblounge-common/src/main/java/ch/entwine/weblounge/common/impl/scheduler/quartzjob.java,3847504,3847504,QuartzJob,modules/weblounge-common/src/main/java/ch/entwine/weblounge/common/impl/scheduler/QuartzJob.java,modules/weblounge-common,maven:modules/weblounge-common,Maven,1.7,higher_complexity_half,224,1702,26,24,9,49,1.8846153846153846,1,257,pilot60,68.42,,1,0,66.89,,65.38,,25.0,,68.42,0.0,66.89,0.0,65.38,0.0,25.0,0.0,-25.0,-20.0,-68.42
3,3847504:modules/weblounge-common/src/main/java/ch/entwine/weblounge/common/impl/content/page/pageimpl.java,3847504,3847504,PageImpl,modules/weblounge-common/src/main/java/ch/entwine/weblounge/common/impl/content/page/PageImpl.java,modules/weblounge-common,maven:modules/weblounge-common,Maven,1.7,higher_complexity_half,266,2106,23,19,17,68,2.9565217391304346,2,290,pilot60,78.89,,1,0,82.46,,95.83,,33.33,,78.89,0.0,82.46,0.0,95.83,0.0,33.33,0.0,-33.33,-28.33,-78.89
4,39195736:jproperties-checks/src/main/java/org/sonar/jproperties/checks/generic/missingtranslationscheck.java,39195736,39195736,MissingTranslationsCheck,jproperties-checks/src/main/java/org/sonar/jproperties/checks/generic/MissingTranslationsCheck.java,jproperties-checks,maven:jproperties-checks,Maven,1.8,lower_complexity_half,37,296,3,3,1,3,1.0,1,16,pilot60,,,0,0,,,,,,,0.0,0.0,0.0,0.0,0.0,0.0,0.0,0.0,0.0,5.0,0.0
5,39195736:jproperties-checks/src/main/java/org/sonar/jproperties/checks/generic/separatorconventioncheck.java,39195736,39195736,SeparatorConventionCheck,jproperties-checks/src/main/java/org/sonar/jproperties/checks/generic/SeparatorConventionCheck.java,jproperties-checks,maven:jproperties-checks,Maven,1.8,higher_complexity_half,74,554,5,3,9,15,3.0,2,249,pilot60,,,0,0,,,,,,,0.0,0.0,0.0,0.0,0.0,0.0,0.0,0.0,0.0,5.0,0.0
6,41547678:turin-standard-library/src/main/java/turin/context/context.java,41547678,41547678,Context,turin-standard-library/src/main/java/turin/context/Context.java,turin-standard-library,maven:turin-standard-library,Maven,1.8,lower_complexity_half,32,212,5,4,2,6,1.2,3,58,pilot60,0.0,100.0,1,1,0.0,100.0,0.0,100.0,0.0,100.0,0.0,100.0,0.0,100.0,0.0,100.0,0.0,100.0,100.0,105.0,100.0
7,41547678:turin-compiler/src/main/java/me/tomassetti/turin/resolvers/srcsymbolresolver.java,41547678,41547678,SrcSymbolResolver,turin-compiler/src/main/java/me/tomassetti/turin/resolvers/SrcSymbolResolver.java,turin-compiler,maven:turin-compiler,Maven,1.8,higher_complexity_half,116,938,10,9,7,24,2.4,1,222,pilot60,60.71,,1,0,53.45,,80.0,,31.58,,60.71,0.0,53.45,0.0,80.0,0.0,31.58,0.0,-31.58,-26.58,-60.71
8,41627638:leetcode/battleships-in-a-board/src/main/java/com/github/battleship/solution.java,41627638,41627638,Solution,leetcode/battleships-in-a-board/src/main/java/com/github/battleship/Solution.java,leetcode/battleships-in-a-board,gradle:leetcode/battleships-in-a-board,Gradle,1.8,lower_complexity_half,30,179,3,1,4,9,3.0,1,128,pilot60,,,0,0,,,,,,,0.0,0.0,0.0,0.0,0.0,0.0,0.0,0.0,0.0,5.0,0.0
9,41627638:leetcode/battleships-in-a-board/src/main/java/com/github/maxpointonline/plainloop/solution.java,41627638,41627638,Solution,leetcode/battleships-in-a-board/src/main/java/com/github/maxpointonline/plainloop/Solution.java,leetcode/battleships-in-a-board,gradle:leetcode/battleships-in-a-board,Gradle,1.8,higher_complexity_half,73,433,6,1,6,16,2.6666666666666665,4,196,pilot60,,100.0,0,1,,100.0,,100.0,,93.55,0.0,100.0,0.0,100.0,0.0,100.0,0.0,93.55,93.55,98.55,100.0
10,43105609:weixin-mp/src/main/java/com/riversoft/weixin/mp/care/caremessages.java,43105609,43105609,CareMessages,weixin-mp/src/main/java/com/riversoft/weixin/mp/care/CareMessages.java,weixin-mp,maven:weixin-mp,Maven,1.8,lower_complexity_half,126,1167,23,21,3,25,1.0869565217391304,1,117,pilot60,100.0,,1,0,52.86,,59.09,,6.67,,100.0,0.0,52.86,0.0,59.09,0.0,6.67,0.0,-6.67,-1.67,-100.0
11,43105609:weixin-mp/src/main/java/com/riversoft/weixin/mp/media/materials.java,43105609,43105609,Materials,weixin-mp/src/main/java/com/riversoft/weixin/mp/media/Materials.java,weixin-mp,maven:weixin-mp,Maven,1.8,higher_complexity_half,243,1985,36,33,4,46,1.2777777777777777,3,163,pilot60,30.0,,1,0,25.71,,45.83,,10.81,,30.0,0.0,25.71,0.0,45.83,0.0,10.81,0.0,-10.81,-5.8100000000000005,-30.0
12,44308560:src/robotframeworkcore/org.robotframework.ide.core-functions/src/main/java/org/rf/ide/core/execution/argumentsfile.java,44308560,44308560,ArgumentsFile,src/RobotFrameworkCore/org.robotframework.ide.core-functions/src/main/java/org/rf/ide/core/execution/ArgumentsFile.java,src/RobotFrameworkCore/org.robotframework.ide.core-functions,maven:src/RobotFrameworkCore/org.robotframework.ide.core-functions,Maven,1.8,lower_complexity_half,85,729,9,1,4,17,1.8888888888888888,1,147,pilot60,,,0,0,,,,,,,0.0,0.0,0.0,0.0,0.0,0.0,0.0,0.0,0.0,5.0,0.0
13,44308560:src/robotframeworkcore/org.robotframework.ide.core-functions/src/main/java/org/rf/ide/core/execution/debug/stackframevariables.java,44308560,44308560,StackFrameVariables,src/RobotFrameworkCore/org.robotframework.ide.core-functions/src/main/java/org/rf/ide/core/execution/debug/StackFrameVariables.java,src/RobotFrameworkCore/org.robotframework.ide.core-functions,maven:src/RobotFrameworkCore/org.robotframework.ide.core-functions,Maven,1.8,higher_complexity_half,132,1278,12,8,8,29,2.4166666666666665,3,238,pilot60,,,0,0,,,,,,,0.0,0.0,0.0,0.0,0.0,0.0,0.0,0.0,0.0,5.0,0.0
14,45997449:webrex/src/main/java/com/ebayopensource/webrex/resource/resourcewrapper.java,45997449,45997449,ResourceWrapper,WebRex/src/main/java/com/ebayopensource/webrex/resource/ResourceWrapper.java,WebRex,maven:WebRex,Maven,1.7,lower_complexity_half,76,408,16,15,1,16,1.0,8,37,pilot60,,,1,0,60.0,,50.0,,0.0,,0.0,0.0,60.0,0.0,50.0,0.0,0.0,0.0,0.0,5.0,0.0
15,45997449:webrex/src/main/java/com/ebayopensource/webrex/resource/expression/resourceelevaluator.java,45997449,45997449,ResourceELEvaluator,WebRex/src/main/java/com/ebayopensource/webrex/resource/expression/ResourceELEvaluator.java,WebRex,maven:WebRex,Maven,1.7,higher_complexity_half,87,602,8,5,5,20,2.5,1,185,pilot60,91.67,,1,0,93.02,,100.0,,57.14,,91.67,0.0,93.02,0.0,100.0,0.0,57.14,0.0,-57.14,-52.14,-91.67
16,46396068:hbase0.98/hbase-common-0.98/src/main/java/com/kakao/hbase/common/util/alertsender.java,46396068,46396068,AlertSender,hbase0.98/hbase-common-0.98/src/main/java/com/kakao/hbase/common/util/AlertSender.java,hbase0.98/hbase-common-0.98,maven:hbase0.98/hbase-common-0.98,Maven,1.8,lower_complexity_half,36,258,3,2,4,6,2.0,1,123,pilot60,0.0,0.0,1,1,11.76,35.29,66.67,100.0,0.0,33.33,0.0,0.0,11.76,35.29,66.67,100.0,0.0,33.33,33.33,38.33,0.0
17,46396068:hbase0.98/hbase-manager-0.98/src/main/java/com/kakao/hbase/manager/command/mc.java,46396068,46396068,MC,hbase0.98/hbase-manager-0.98/src/main/java/com/kakao/hbase/manager/command/MC.java,hbase0.98/hbase-manager-0.98,maven:hbase0.98/hbase-manager-0.98,Maven,1.8,higher_complexity_half,240,2130,13,2,12,56,4.3076923076923075,2,271,pilot60,,,0,0,,,,,,,0.0,0.0,0.0,0.0,0.0,0.0,0.0,0.0,0.0,5.0,0.0
18,46450575:flo-workflow/src/main/java/com/spotify/flo/context/asynccontext.java,46450575,46450575,AsyncContext,flo-workflow/src/main/java/com/spotify/flo/context/AsyncContext.java,flo-workflow,maven:flo-workflow,Maven,1.8,lower_complexity_half,41,327,6,5,1,6,1.0,1,28,pilot60,,,0,0,,,,,,,0.0,0.0,0.0,0.0,0.0,0.0,0.0,0.0,0.0,5.0,0.0
19,46450575:flo-workflow/src/main/java/com/spotify/flo/taskids.java,46450575,46450575,TaskIds,flo-workflow/src/main/java/com/spotify/flo/TaskIds.java,flo-workflow,maven:flo-workflow,Maven,1.8,higher_complexity_half,47,348,4,2,5,10,2.5,9,181,pilot60,,,0,0,,,,,,,0.0,0.0,0.0,0.0,0.0,0.0,0.0,0.0,0.0,5.0,0.0
20,48046454:hazelcast-jet-core/src/main/java/com/hazelcast/jet/impl/jetclientinstanceimpl.java,48046454,48046454,JetClientInstanceImpl,hazelcast-jet-core/src/main/java/com/hazelcast/jet/impl/JetClientInstanceImpl.java,hazelcast-jet-core,maven:hazelcast-jet-core,Maven,1.8,lower_complexity_half,103,781,14,10,2,15,1.0714285714285714,3,76,pilot60,,,0,0,,,,,,,0.0,0.0,0.0,0.0,0.0,0.0,0.0,0.0,0.0,5.0,0.0
21,48046454:hazelcast-jet-core/src/main/java/com/hazelcast/jet/impl/util/skewreductionpolicy.java,48046454,48046454,SkewReductionPolicy,hazelcast-jet-core/src/main/java/com/hazelcast/jet/impl/util/SkewReductionPolicy.java,hazelcast-jet-core,maven:hazelcast-jet-core,Maven,1.8,higher_complexity_half,92,647,11,4,4,24,2.1818181818181817,1,156,pilot60,,,0,0,,,,,,,0.0,0.0,0.0,0.0,0.0,0.0,0.0,0.0,0.0,5.0,0.0
22,49384652:niubi-job-framework/niubi-job-core/src/main/java/com/zuoxiaolong/niubi/job/core/helper/objecthelper.java,49384652,49384652,ObjectHelper,niubi-job-framework/niubi-job-core/src/main/java/com/zuoxiaolong/niubi/job/core/helper/ObjectHelper.java,niubi-job-framework/niubi-job-core,maven:niubi-job-framework/niubi-job-core,Maven,1.8,lower_complexity_half,20,158,2,2,4,6,3.0,2,124,pilot60,30.0,,1,0,12.5,,33.33,,11.11,,30.0,0.0,12.5,0.0,33.33,0.0,11.11,0.0,-11.11,-6.109999999999999,-30.0
23,49384652:niubi-job-framework/niubi-job-service/src/main/java/com/zuoxiaolong/niubi/job/service/impl/standbyjobserviceimpl.java,49384652,49384652,StandbyJobServiceImpl,niubi-job-framework/niubi-job-service/src/main/java/com/zuoxiaolong/niubi/job/service/impl/StandbyJobServiceImpl.java,niubi-job-framework/niubi-job-service,maven:niubi-job-framework/niubi-job-service,Maven,1.8,higher_complexity_half,87,751,5,5,5,10,2.0,1,176,pilot60,0.0,,1,0,15.56,,50.0,,0.0,,0.0,0.0,15.56,0.0,50.0,0.0,0.0,0.0,0.0,5.0,0.0
24,558963:httpcache4j-api/src/main/java/org/codehaus/httpcache4j/header.java,558963,558963,Header,httpcache4j-api/src/main/java/org/codehaus/httpcache4j/Header.java,httpcache4j-api,maven:httpcache4j-api,Maven,1.8,lower_complexity_half,43,307,5,2,4,11,2.2,3,138,pilot60,85.71,,1,0,94.74,,100.0,,50.0,,85.71,0.0,94.74,0.0,100.0,0.0,50.0,0.0,-50.0,-45.0,-85.71
25,558963:httpcache4j-api/src/main/java/org/codehaus/httpcache4j/status.java,558963,558963,Status,httpcache4j-api/src/main/java/org/codehaus/httpcache4j/Status.java,httpcache4j-api,maven:httpcache4j-api,Maven,1.8,higher_complexity_half,160,1300,17,14,7,34,2.0,1,228,pilot60,66.67,73.33,1,1,91.21,95.6,100.0,100.0,12.5,87.5,66.67,73.33,91.21,95.6,100.0,100.0,12.5,87.5,75.0,80.0,6.659999999999997
26,60578004:elastic-jobx-core/src/main/java/com/dangdang/ddframe/job/api/jobexecutionmultipleshardingcontext.java,60578004,60578004,JobExecutionMultipleShardingContext,elastic-jobx-core/src/main/java/com/dangdang/ddframe/job/api/JobExecutionMultipleShardingContext.java,elastic-jobx-core,maven:elastic-jobx-core,Maven,1.6,lower_complexity_half,41,300,2,2,3,4,2.0,2,87,pilot60,,,1,1,80.0,80.0,100.0,88.89,0.0,66.67,0.0,0.0,80.0,80.0,100.0,88.89,0.0,66.67,66.67,71.67,0.0
27,60578004:elastic-jobx-core/src/main/java/com/dangdang/ddframe/job/internal/server/serverservice.java,60578004,60578004,ServerService,elastic-jobx-core/src/main/java/com/dangdang/ddframe/job/internal/server/ServerService.java,elastic-jobx-core,maven:elastic-jobx-core,Maven,1.6,higher_complexity_half,85,749,17,15,4,25,1.4705882352941178,1,158,pilot60,0.0,,1,0,8.33,,5.88,,0.0,,0.0,0.0,8.33,0.0,5.88,0.0,0.0,0.0,0.0,5.0,0.0
28,61565876:injector/src/main/java/ch/jalu/injector/handlers/dependency/typesafeannotationhandler.java,61565876,61565876,TypeSafeAnnotationHandler,injector/src/main/java/ch/jalu/injector/handlers/dependency/TypeSafeAnnotationHandler.java,injector,maven:injector,Maven,1.8,lower_complexity_half,21,172,1,1,3,3,3.0,1,81,pilot60,,,0,0,,,,,,,0.0,0.0,0.0,0.0,0.0,0.0,0.0,0.0,0.0,5.0,0.0
29,61565876:injector/src/main/java/ch/jalu/injector/utils/injectorutils.java,61565876,61565876,InjectorUtils,injector/src/main/java/ch/jalu/injector/utils/InjectorUtils.java,injector,maven:injector,Maven,1.8,higher_complexity_half,49,293,9,8,4,19,2.111111111111111,4,153,pilot60,,,0,0,,,,,,,0.0,0.0,0.0,0.0,0.0,0.0,0.0,0.0,0.0,5.0,0.0
30,6293402:server/src/main/java/com/vaadin/data/provider/listdataprovider.java,6293402,6293402,ListDataProvider,server/src/main/java/com/vaadin/data/provider/ListDataProvider.java,server,maven:server,Maven,1.8,lower_complexity_half,66,458,9,7,2,11,1.2222222222222223,1,71,pilot60,,,0,0,,,,,,,0.0,0.0,0.0,0.0,0.0,0.0,0.0,0.0,0.0,5.0,0.0
31,6293402:server/src/main/java/com/vaadin/util/currentinstance.java,6293402,6293402,CurrentInstance,server/src/main/java/com/vaadin/util/CurrentInstance.java,server,maven:server,Maven,1.8,higher_complexity_half,171,1180,12,8,6,37,3.0833333333333335,2,210,pilot60,,,0,0,,,,,,,0.0,0.0,0.0,0.0,0.0,0.0,0.0,0.0,0.0,5.0,0.0
32,6437134:enav-model/src/main/java/dk/dma/enav/safety/safetyzones.java,6437134,6437134,SafetyZones,enav-model/src/main/java/dk/dma/enav/safety/SafetyZones.java,enav-model,maven:enav-model,Maven,1.8,lower_complexity_half,43,555,4,4,1,4,1.0,4,24,pilot60,,,1,0,96.0,,100.0,,0.0,,0.0,0.0,96.0,0.0,100.0,0.0,0.0,0.0,0.0,5.0,0.0
33,6437134:enav-model/src/main/java/dk/dma/enav/model/geometry/positiontime.java,6437134,6437134,PositionTime,enav-model/src/main/java/dk/dma/enav/model/geometry/PositionTime.java,enav-model,maven:enav-model,Maven,1.8,higher_complexity_half,81,810,12,10,4,19,1.5833333333333333,1,152,pilot60,100.0,50.0,1,1,100.0,87.8,100.0,66.67,23.08,20.51,100.0,50.0,100.0,87.8,100.0,66.67,23.08,20.51,-2.5699999999999967,2.4300000000000033,-50.0
34,64487983:bridge/src/main/java/com/iluwatar/bridge/app.java,64487983,64487983,App,bridge/src/main/java/com/iluwatar/bridge/App.java,bridge,maven:bridge,Maven,1.8,lower_complexity_half,20,132,1,1,1,1,1.0,1,0,pilot60,,,1,1,100.0,94.12,100.0,50.0,0.0,0.0,0.0,0.0,100.0,94.12,100.0,50.0,0.0,0.0,0.0,5.0,0.0
35,64487983:hexagonal/src/main/java/com/iluwatar/hexagonal/domain/lotteryticket.java,64487983,64487983,LotteryTicket,hexagonal/src/main/java/com/iluwatar/hexagonal/domain/LotteryTicket.java,hexagonal,maven:hexagonal,Maven,1.8,higher_complexity_half,54,291,6,5,10,17,2.8333333333333335,3,261,pilot60,100.0,,1,0,100.0,,100.0,,25.93,,100.0,0.0,100.0,0.0,100.0,0.0,25.93,0.0,-25.93,-20.93,-100.0
36,66303306:event/src/main/java/com/bazaarvoice/emodb/event/db/astyanax/defaultslaballocator.java,66303306,66303306,DefaultSlabAllocator,event/src/main/java/com/bazaarvoice/emodb/event/db/astyanax/DefaultSlabAllocator.java,event,maven:event,Maven,1.8,lower_complexity_half,119,975,8,4,4,15,1.875,1,145,pilot60,16.67,,1,0,39.22,,42.86,,13.16,,16.67,0.0,39.22,0.0,42.86,0.0,13.16,0.0,-13.16,-8.16,-16.67
37,66303306:web/src/main/java/com/bazaarvoice/emodb/web/settings/settingsmanager.java,66303306,66303306,SettingsManager,web/src/main/java/com/bazaarvoice/emodb/web/settings/SettingsManager.java,web,maven:web,Maven,1.8,higher_complexity_half,172,1501,11,10,4,18,1.6363636363636365,2,150,pilot60,0.0,,1,0,0.0,,0.0,,11.54,,0.0,0.0,0.0,0.0,0.0,0.0,11.54,0.0,-11.54,-6.539999999999999,0.0
38,6944525:d2/src/main/java/com/linkedin/d2/balancer/zkfs/zkfsutil.java,6944525,6944525,ZKFSUtil,d2/src/main/java/com/linkedin/d2/balancer/zkfs/ZKFSUtil.java,d2,gradle:d2,Gradle,1.8,lower_complexity_half,38,206,6,4,3,9,1.5,1,97,pilot60,,,0,0,,,,,,,0.0,0.0,0.0,0.0,0.0,0.0,0.0,0.0,0.0,5.0,0.0
39,6944525:d2/src/main/java/com/linkedin/d2/balancer/util/loadbalancerutil.java,6944525,6944525,LoadBalancerUtil,d2/src/main/java/com/linkedin/d2/balancer/util/LoadBalancerUtil.java,d2,gradle:d2,Gradle,1.8,higher_complexity_half,169,980,12,14,4,26,2.1666666666666665,2,160,pilot60,,,0,0,,,,,,,0.0,0.0,0.0,0.0,0.0,0.0,0.0,0.0,0.0,5.0,0.0
40,74999474:parsec-clients/src/main/java/com/yahoo/parsec/clients/parsecasynccompletionhandlerbase.java,74999474,74999474,ParsecAsyncCompletionHandlerBase,parsec-clients/src/main/java/com/yahoo/parsec/clients/ParsecAsyncCompletionHandlerBase.java,parsec-clients,gradle:parsec-clients,Gradle,1.8,lower_complexity_half,9,71,1,1,1,1,1.0,3,1,pilot60,,,0,0,,,,,,,0.0,0.0,0.0,0.0,0.0,0.0,0.0,0.0,0.0,5.0,0.0
41,74999474:parsec-clients/src/main/java/com/yahoo/parsec/clients/parsecasynchttpclient.java,74999474,74999474,ParsecAsyncHttpClient,parsec-clients/src/main/java/com/yahoo/parsec/clients/ParsecAsyncHttpClient.java,parsec-clients,gradle:parsec-clients,Gradle,1.8,higher_complexity_half,391,2245,79,70,4,91,1.1518987341772151,1,164,pilot60,,,0,0,,,,,,,0.0,0.0,0.0,0.0,0.0,0.0,0.0,0.0,0.0,5.0,0.0
42,77481567:core/src/main/java/de/voidnode/trading4j/moneymanagement/standard/riskmoneyprovider.java,77481567,77481567,RiskMoneyProvider,core/src/main/java/de/voidnode/trading4j/moneymanagement/standard/RiskMoneyProvider.java,core,maven:core,Maven,1.8,lower_complexity_half,16,127,2,1,3,4,2.0,1,85,pilot60,,,0,0,,,,,,,0.0,0.0,0.0,0.0,0.0,0.0,0.0,0.0,0.0,5.0,0.0
43,77481567:core/src/main/java/de/voidnode/trading4j/api/failed.java,77481567,77481567,Failed,core/src/main/java/de/voidnode/trading4j/api/Failed.java,core,maven:core,Maven,1.8,higher_complexity_half,42,203,5,4,7,12,2.4,3,217,pilot60,,,0,0,,,,,,,0.0,0.0,0.0,0.0,0.0,0.0,0.0,0.0,0.0,5.0,0.0
44,78444970:examples/graph/src/main/java/graph/algorithm/mst/boruvkakruskal.java,78444970,78444970,BoruvkaKruskal,examples/graph/src/main/java/graph/algorithm/mst/BoruvkaKruskal.java,examples/graph,maven:examples/graph,Maven,1.8,lower_complexity_half,38,334,2,1,4,5,2.5,2,121,pilot60,100.0,,1,0,100.0,,100.0,,0.0,,100.0,0.0,100.0,0.0,100.0,0.0,0.0,0.0,0.0,5.0,-100.0
45,78444970:examples/random/src/main/java/random/reservoirsamplingmultipleitems.java,78444970,78444970,ReservoirSamplingMultipleItems,examples/random/src/main/java/random/ReservoirSamplingMultipleItems.java,examples/random,maven:examples/random,Maven,1.8,higher_complexity_half,27,202,1,1,5,5,5.0,1,166,pilot60,50.0,100.0,1,1,55.56,94.44,100.0,50.0,30.0,70.0,50.0,100.0,55.56,94.44,100.0,50.0,30.0,70.0,40.0,45.0,50.0
46,81384608:integrations/spark/spark-catalog/spark-catalog-core/src/main/java/com/thinkbiganalytics/kylo/catalog/spark/sources/spark/flaggingvisitor.java,81384608,81384608,FlaggingVisitor,integrations/spark/spark-catalog/spark-catalog-core/src/main/java/com/thinkbiganalytics/kylo/catalog/spark/sources/spark/FlaggingVisitor.java,integrations/spark/spark-catalog/spark-catalog-core,maven:integrations/spark/spark-catalog/spark-catalog-core,Maven,1.8,lower_complexity_half,20,139,2,1,1,2,1.0,3,11,pilot60,,,0,0,,,,,,,0.0,0.0,0.0,0.0,0.0,0.0,0.0,0.0,0.0,5.0,0.0
47,81384608:integrations/spark/spark-catalog/spark-catalog-core/src/main/java/com/thinkbiganalytics/kylo/catalog/spark/sources/abstractjdbcdatasetprovider.java,81384608,81384608,AbstractJdbcDataSetProvider,integrations/spark/spark-catalog/spark-catalog-core/src/main/java/com/thinkbiganalytics/kylo/catalog/spark/sources/AbstractJdbcDataSetProvider.java,integrations/spark/spark-catalog/spark-catalog-core,maven:integrations/spark/spark-catalog/spark-catalog-core,Maven,1.8,higher_complexity_half,211,1966,11,6,11,42,3.8181818181818183,1,265,pilot60,,,0,0,,,,,,,0.0,0.0,0.0,0.0,0.0,0.0,0.0,0.0,0.0,5.0,0.0
48,85795396:metrics-dropwizardmetrics/src/main/java/org/apache/calcite/avatica/metrics/dropwizard/dropwizardmetricssystemfactory.java,85795396,85795396,DropwizardMetricsSystemFactory,metrics-dropwizardmetrics/src/main/java/org/apache/calcite/avatica/metrics/dropwizard/DropwizardMetricsSystemFactory.java,metrics-dropwizardmetrics,gradle:metrics-dropwizardmetrics,Gradle,1.8,lower_complexity_half,15,120,1,1,3,3,3.0,1,80,pilot60,,,0,0,,,,,,,0.0,0.0,0.0,0.0,0.0,0.0,0.0,0.0,0.0,5.0,0.0
49,85795396:core/src/main/java/org/apache/calcite/avatica/connectionconfigimpl.java,85795396,85795396,ConnectionConfigImpl,core/src/main/java/org/apache/calcite/avatica/ConnectionConfigImpl.java,core,gradle:core,Gradle,1.8,higher_complexity_half,323,2298,56,54,5,79,1.4107142857142858,2,193,pilot60,,,0,0,,,,,,,0.0,0.0,0.0,0.0,0.0,0.0,0.0,0.0,0.0,5.0,0.0
50,95247959:http-clients/netty-nio-client/src/main/java/software/amazon/awssdk/http/nio/netty/internal/http2/http2goawayeventlistener.java,95247959,95247959,Http2GoAwayEventListener,http-clients/netty-nio-client/src/main/java/software/amazon/awssdk/http/nio/netty/internal/http2/Http2GoAwayEventListener.java,http-clients/netty-nio-client,maven:http-clients/netty-nio-client,Maven,1.8,lower_complexity_half,30,265,2,1,2,3,1.5,2,43,pilot60,,,0,0,,,,,,,0.0,0.0,0.0,0.0,0.0,0.0,0.0,0.0,0.0,5.0,0.0
51,95247959:http-clients/netty-nio-client/src/main/java/software/amazon/awssdk/http/nio/netty/internal/http2/httporhttp2channelpool.java,95247959,95247959,HttpOrHttp2ChannelPool,http-clients/netty-nio-client/src/main/java/software/amazon/awssdk/http/nio/netty/internal/http2/HttpOrHttp2ChannelPool.java,http-clients/netty-nio-client,maven:http-clients/netty-nio-client,Maven,1.8,higher_complexity_half,201,1344,15,6,5,32,2.1333333333333333,1,190,pilot60,,,0,0,,,,,,,0.0,0.0,0.0,0.0,0.0,0.0,0.0,0.0,0.0,5.0,0.0
52,9619226:spring-data-simpledb-impl/src/main/java/org/springframework/data/simpledb/query/simpledbqueryrunner.java,9619226,9619226,SimpleDbQueryRunner,spring-data-simpledb-impl/src/main/java/org/springframework/data/simpledb/query/SimpleDbQueryRunner.java,spring-data-simpledb-impl,maven:spring-data-simpledb-impl,Maven,1.6,lower_complexity_half,52,370,9,6,2,10,1.1111111111111112,1,70,pilot60,80.0,,1,0,78.26,,55.56,,45.0,,80.0,0.0,78.26,0.0,55.56,0.0,45.0,0.0,-45.0,-40.0,-80.0
53,9619226:spring-data-simpledb-impl/src/main/java/org/springframework/data/simpledb/attributeutil/simpledbattributevaluesplitter.java,9619226,9619226,SimpleDbAttributeValueSplitter,spring-data-simpledb-impl/src/main/java/org/springframework/data/simpledb/attributeutil/SimpleDbAttributeValueSplitter.java,spring-data-simpledb-impl,maven:spring-data-simpledb-impl,Maven,1.6,higher_complexity_half,68,671,4,2,5,13,3.25,4,184,pilot60,44.44,,1,0,56.76,,75.0,,4.55,,44.44,0.0,56.76,0.0,75.0,0.0,4.55,0.0,-4.55,0.4500000000000002,-44.44
54,97822421:infrastructure/src/main/java/com/pchudzik/springmock/infrastructure/spring/doubledefinitionsregistrationcontext.java,97822421,97822421,DoubleDefinitionsRegistrationContext,infrastructure/src/main/java/com/pchudzik/springmock/infrastructure/spring/DoubleDefinitionsRegistrationContext.java,infrastructure,maven:infrastructure,Maven,1.8,lower_complexity_half,62,481,7,5,3,10,1.4285714285714286,1,101,pilot60,66.67,,1,0,72.73,,72.73,,12.5,,66.67,0.0,72.73,0.0,72.73,0.0,12.5,0.0,-12.5,-7.5,-66.67
55,97822421:infrastructure/src/main/java/com/pchudzik/springmock/infrastructure/spring/tospyreplacingprocessor.java,97822421,97822421,ToSpyReplacingProcessor,infrastructure/src/main/java/com/pchudzik/springmock/infrastructure/spring/ToSpyReplacingProcessor.java,infrastructure,maven:infrastructure,Maven,1.8,higher_complexity_half,73,597,6,1,6,15,2.5,10,195,pilot60,12.5,,1,0,41.18,,71.43,,5.0,,12.5,0.0,41.18,0.0,71.43,0.0,5.0,0.0,-5.0,0.0,-12.5
56,98410891:core/src/main/java/com/softavail/commsrouter/eval/jevalevaluator.java,98410891,98410891,JEvalEvaluator,core/src/main/java/com/softavail/commsrouter/eval/JEvalEvaluator.java,core,maven:core,Maven,1.8,lower_complexity_half,44,279,5,3,3,7,1.4,1,91,pilot60,75.0,,1,0,71.43,,83.33,,11.11,,75.0,0.0,71.43,0.0,83.33,0.0,11.11,0.0,-11.11,-6.109999999999999,-75.0
57,98410891:core-interface/src/main/java/com/softavail/commsrouter/api/dto/model/skill/numberinterval.java,98410891,98410891,NumberInterval,core-interface/src/main/java/com/softavail/commsrouter/api/dto/model/skill/NumberInterval.java,core-interface,maven:core-interface,Maven,1.8,higher_complexity_half,105,704,15,11,17,50,3.3333333333333335,7,289,pilot60,89.47,44.74,1,1,94.64,76.79,100.0,93.33,31.58,55.26,89.47,44.74,94.64,76.79,100.0,93.33,31.58,55.26,23.68,28.68,-44.73
58,9884445:minnal-jaxrs/minnal-instrumentation-jaxrs/src/main/java/org/minnal/instrument/entity/metadata/handler/secureannotationhandler.java,9884445,9884445,SecureAnnotationHandler,minnal-jaxrs/minnal-instrumentation-jaxrs/src/main/java/org/minnal/instrument/entity/metadata/handler/SecureAnnotationHandler.java,minnal-jaxrs/minnal-instrumentation-jaxrs,maven:minnal-jaxrs/minnal-instrumentation-jaxrs,Maven,1.7,lower_complexity_half,17,167,2,1,1,2,1.0,1,7,pilot60,,,0,1,,100.0,,100.0,,100.0,0.0,0.0,0.0,100.0,0.0,100.0,0.0,100.0,100.0,105.0,0.0
59,9884445:minnal-jaxrs/minnal-instrumentation-jaxrs/src/main/java/org/minnal/instrument/entity/entitynode.java,9884445,9884445,EntityNode,minnal-jaxrs/minnal-instrumentation-jaxrs/src/main/java/org/minnal/instrument/entity/EntityNode.java,minnal-jaxrs/minnal-instrumentation-jaxrs,maven:minnal-jaxrs/minnal-instrumentation-jaxrs,Maven,1.7,higher_complexity_half,275,1996,31,18,8,65,2.096774193548387,2,245,pilot60,,,0,0,,,,,,,0.0,0.0,0.0,0.0,0.0,0.0,0.0,0.0,0.0,5.0,0.0
