Project,Focal_Class,Test_Class,Focal_Path,Test_Path,Module,Repo_URL,Commit_SHA,NLOC,Max_Method_CC,Public_Method_Count,Method_Count,Avg_Method_CC,Sum_Method_CC,Java_Version,Build_Tool,Selected_Type,Pilot_Seed,Dependency_Command,Compile_Command,Test_Compile_Command,Working_Directory,Build_Recipe_ID,Validation_Log,source_row_index,compiled_focal_path,compiled_test_path
75368166,Greeter,GreeterTest,repos/75368166/simple/src/main/java/demo/org/powermock/examples/simple/Greeter.java,repos/75368166/simple/src/test/java/demo/org/powermock/examples/simple/GreeterTest.java,simple,https://github.com/powermock/powermock-examples-maven,7b57a10b27e174ff99ee3892ea402da8275a8610,15,2,1,3,1.33,4,6,maven,main,42,mvn dependency:go-offline -DskipTests,mvn test-compile -DskipTests,mvn test-compile -DskipTests,repos/successful/75368166,recipe_75368166,logs/build/75368166_20260712_230641_attempt_1.log,0,compiledrepos/75368166/simple/src/main/java/demo/org/powermock/examples/simple/Greeter.java,compiledrepos/75368166/simple/src/test/java/demo/org/powermock/examples/simple/GreeterTest.java
7723306,EzObjectTreeMapDb,TestEzObjectTreeMapDb,repos/7723306/ezdb-treemap/src/main/java/ezdb/treemap/object/EzObjectTreeMapDb.java,repos/7723306/ezdb-treemap/src/test/java/ezdb/treemap/object/TestEzObjectTreeMapDb.java,ezdb-treemap,https://github.com/criccomini/ezdb,d42c1e9c27a84c2d98eaa6be5575ea78e9a703d6,76,3,6,8,1.5,12,8,maven,main,42,mvn dependency:go-offline -DskipTests,mvn test-compile -DskipTests,mvn test-compile -DskipTests,repos/successful/7723306,recipe_7723306,logs/build/7723306_20260712_230641_attempt_1.log,1,compiledrepos/7723306/ezdb-treemap/src/main/java/ezdb/treemap/object/EzObjectTreeMapDb.java,compiledrepos/7723306/ezdb-treemap/src/test/java/ezdb/treemap/object/TestEzObjectTreeMapDb.java
88231534,NoopSpanNameProvider,NoopSpanNameProviderTest,repos/88231534/opentracing-mongo-common/src/main/java/io/opentracing/contrib/mongo/common/providers/NoopSpanNameProvider.java,repos/88231534/opentracing-mongo-common/src/test/java/io/opentracing/contrib/mongo/common/providers/NoopSpanNameProviderTest.java,opentracing-mongo-common,https://github.com/opentracing-contrib/java-mongo-driver,0a9c51bbac105437c13c2b2b609ef6b3610ddeb2,9,3,1,1,3.0,3,7,maven,main,42,mvn dependency:go-offline -DskipTests,mvn test-compile -DskipTests,mvn test-compile -DskipTests,repos/successful/88231534,recipe_88231534,logs/build/88231534_20260712_230641_attempt_1.log,2,compiledrepos/88231534/opentracing-mongo-common/src/main/java/io/opentracing/contrib/mongo/common/providers/NoopSpanNameProvider.java,compiledrepos/88231534/opentracing-mongo-common/src/test/java/io/opentracing/contrib/mongo/common/providers/NoopSpanNameProviderTest.java
88231534,TracingCommandListener,TracingCommandListenerTest,repos/88231534/opentracing-mongo-common/src/main/java/io/opentracing/contrib/mongo/common/TracingCommandListener.java,repos/88231534/opentracing-mongo-common/src/test/java/io/opentracing/contrib/mongo/common/TracingCommandListenerTest.java,opentracing-mongo-common,https://github.com/opentracing-contrib/java-mongo-driver,0a9c51bbac105437c13c2b2b609ef6b3610ddeb2,135,8,12,13,2.23,29,7,maven,main,42,mvn dependency:go-offline -DskipTests,mvn test-compile -DskipTests,mvn test-compile -DskipTests,repos/successful/88231534,recipe_88231534,logs/build/88231534_20260712_230641_attempt_1.log,3,compiledrepos/88231534/opentracing-mongo-common/src/main/java/io/opentracing/contrib/mongo/common/TracingCommandListener.java,compiledrepos/88231534/opentracing-mongo-common/src/test/java/io/opentracing/contrib/mongo/common/TracingCommandListenerTest.java
50552134,SimpleFileScanner,SimpleFileScannerTest,repos/50552134/confucius-commons-lang/src/main/java/org/confucius/commons/lang/io/scanner/SimpleFileScanner.java,repos/50552134/confucius-commons-lang/src/test/java/org/confucius/commons/lang/io/scanner/SimpleFileScannerTest.java,confucius-commons-lang,https://github.com/mercyblitz/confucius-commons,ffbe5331df105c4a95ee2f0b95a4eeb6df6a9caa,36,7,3,3,3.0,9,6,maven,main,42,mvn dependency:go-offline -DskipTests,mvn test-compile -DskipTests,mvn test-compile -DskipTests,repos/successful/50552134,recipe_50552134,logs/build/50552134_20260712_230641_attempt_1.log,4,compiledrepos/50552134/confucius-commons-lang/src/main/java/org/confucius/commons/lang/io/scanner/SimpleFileScanner.java,compiledrepos/50552134/confucius-commons-lang/src/test/java/org/confucius/commons/lang/io/scanner/SimpleFileScannerTest.java
50552134,SimpleJarEntryScanner,SimpleJarEntryScannerTest,repos/50552134/confucius-commons-lang/src/main/java/org/confucius/commons/lang/io/scanner/SimpleJarEntryScanner.java,repos/50552134/confucius-commons-lang/src/test/java/org/confucius/commons/lang/io/scanner/SimpleJarEntryScannerTest.java,confucius-commons-lang,https://github.com/mercyblitz/confucius-commons,ffbe5331df105c4a95ee2f0b95a4eeb6df6a9caa,59,6,5,6,1.83,11,6,maven,main,42,mvn dependency:go-offline -DskipTests,mvn test-compile -DskipTests,mvn test-compile -DskipTests,repos/successful/50552134,recipe_50552134,logs/build/50552134_20260712_230641_attempt_1.log,5,compiledrepos/50552134/confucius-commons-lang/src/main/java/org/confucius/commons/lang/io/scanner/SimpleJarEntryScanner.java,compiledrepos/50552134/confucius-commons-lang/src/test/java/org/confucius/commons/lang/io/scanner/SimpleJarEntryScannerTest.java
58086354,ClientInterceptors,ClientInterceptorsTest,repos/58086354/demo/gRPC/core/src/main/java/io/grpc/ClientInterceptors.java,repos/58086354/demo/gRPC/core/src/test/java/io/grpc/ClientInterceptorsTest.java,demo/gRPC/core,https://github.com/BitTigerInst/miniCassandra,a996a3bc1f21a9bf0a6589d4ba96dfea99a5ff4f,84,2,7,12,1.17,14,8,maven,main,42,mvn dependency:go-offline -DskipTests,mvn test-compile -DskipTests,mvn test-compile -DskipTests,repos/successful/58086354,recipe_58086354,logs/build/58086354_20260712_230641_attempt_1.log,6,compiledrepos/58086354/demo/gRPC/core/src/main/java/io/grpc/ClientInterceptors.java,compiledrepos/58086354/demo/gRPC/core/src/test/java/io/grpc/ClientInterceptorsTest.java
58086354,MessageDeframer,MessageDeframerTest,repos/58086354/demo/gRPC/core/src/main/java/io/grpc/internal/MessageDeframer.java,repos/58086354/demo/gRPC/core/src/test/java/io/grpc/internal/MessageDeframerTest.java,demo/gRPC/core,https://github.com/BitTigerInst/miniCassandra,a996a3bc1f21a9bf0a6589d4ba96dfea99a5ff4f,251,12,12,21,2.43,51,8,maven,main,42,mvn dependency:go-offline -DskipTests,mvn test-compile -DskipTests,mvn test-compile -DskipTests,repos/successful/58086354,recipe_58086354,logs/build/58086354_20260712_230641_attempt_1.log,7,compiledrepos/58086354/demo/gRPC/core/src/main/java/io/grpc/internal/MessageDeframer.java,compiledrepos/58086354/demo/gRPC/core/src/test/java/io/grpc/internal/MessageDeframerTest.java
58086354,Status,StatusTest,repos/58086354/demo/gRPC/core/src/main/java/io/grpc/Status.java,repos/58086354/demo/gRPC/core/src/test/java/io/grpc/StatusTest.java,demo/gRPC/core,https://github.com/BitTigerInst/miniCassandra,a996a3bc1f21a9bf0a6589d4ba96dfea99a5ff4f,224,10,17,25,1.84,46,8,maven,main,42,mvn dependency:go-offline -DskipTests,mvn test-compile -DskipTests,mvn test-compile -DskipTests,repos/successful/58086354,recipe_58086354,logs/build/58086354_20260712_230641_attempt_1.log,8,compiledrepos/58086354/demo/gRPC/core/src/main/java/io/grpc/Status.java,compiledrepos/58086354/demo/gRPC/core/src/test/java/io/grpc/StatusTest.java
6489406,TargetTracker,TargetTrackerTest,repos/6489406/ais-lib-communication/src/main/java/dk/dma/ais/tracker/targetTracker/TargetTracker.java,repos/6489406/ais-lib-communication/src/test/java/dk/dma/ais/tracker/targetTracker/TargetTrackerTest.java,ais-lib-communication,https://github.com/dma-ais/AisLib,7b3429115a3c1a8d52b30298e17e2a4f757dfd72,162,12,15,19,2.42,46,unknown_but_builds_with_jdk8,maven,main,42,mvn dependency:go-offline -DskipTests,mvn test-compile -DskipTests,mvn test-compile -DskipTests,repos/successful/6489406,recipe_6489406,logs/build/6489406_20260712_230641_attempt_1.log,9,compiledrepos/6489406/ais-lib-communication/src/main/java/dk/dma/ais/tracker/targetTracker/TargetTracker.java,compiledrepos/6489406/ais-lib-communication/src/test/java/dk/dma/ais/tracker/targetTracker/TargetTrackerTest.java
6489406,Track,TrackTest,repos/6489406/ais-lib-communication/src/main/java/dk/dma/ais/tracker/eventEmittingTracker/Track.java,repos/6489406/ais-lib-communication/src/test/java/dk/dma/ais/tracker/eventEmittingTracker/TrackTest.java,ais-lib-communication,https://github.com/dma-ais/AisLib,7b3429115a3c1a8d52b30298e17e2a4f757dfd72,396,13,37,43,1.77,76,unknown_but_builds_with_jdk8,maven,main,42,mvn dependency:go-offline -DskipTests,mvn test-compile -DskipTests,mvn test-compile -DskipTests,repos/successful/6489406,recipe_6489406,logs/build/6489406_20260712_230641_attempt_1.log,10,compiledrepos/6489406/ais-lib-communication/src/main/java/dk/dma/ais/tracker/eventEmittingTracker/Track.java,compiledrepos/6489406/ais-lib-communication/src/test/java/dk/dma/ais/tracker/eventEmittingTracker/TrackTest.java
6489406,EventEmittingTrackerImpl,EventEmittingTrackerImplTest,repos/6489406/ais-lib-communication/src/main/java/dk/dma/ais/tracker/eventEmittingTracker/EventEmittingTrackerImpl.java,repos/6489406/ais-lib-communication/src/test/java/dk/dma/ais/tracker/eventEmittingTracker/EventEmittingTrackerImplTest.java,ais-lib-communication,https://github.com/dma-ais/AisLib,7b3429115a3c1a8d52b30298e17e2a4f757dfd72,291,11,9,24,2.25,54,unknown_but_builds_with_jdk8,maven,main,42,mvn dependency:go-offline -DskipTests,mvn test-compile -DskipTests,mvn test-compile -DskipTests,repos/successful/6489406,recipe_6489406,logs/build/6489406_20260712_230641_attempt_1.log,11,compiledrepos/6489406/ais-lib-communication/src/main/java/dk/dma/ais/tracker/eventEmittingTracker/EventEmittingTrackerImpl.java,compiledrepos/6489406/ais-lib-communication/src/test/java/dk/dma/ais/tracker/eventEmittingTracker/EventEmittingTrackerImplTest.java
56342003,AbstractService,AbstractServiceTest,repos/56342003/kangaroo-server-authz/src/main/java/net/krotscheck/kangaroo/authz/admin/v1/resource/AbstractService.java,repos/56342003/kangaroo-server-authz/src/test/java/net/krotscheck/kangaroo/authz/admin/v1/resource/AbstractServiceTest.java,kangaroo-server-authz,https://github.com/kangaroo-server/kangaroo,8b71eb416b7db8acd10467cefd57dc0a6b2c84c5,205,7,14,23,1.87,43,unknown_but_builds_with_jdk8,maven,main,42,mvn dependency:go-offline -DskipTests,mvn test-compile -DskipTests,mvn test-compile -DskipTests,repos/successful/56342003,recipe_56342003,logs/build/56342003_20260712_230641_attempt_1.log,12,compiledrepos/56342003/kangaroo-server-authz/src/main/java/net/krotscheck/kangaroo/authz/admin/v1/resource/AbstractService.java,compiledrepos/56342003/kangaroo-server-authz/src/test/java/net/krotscheck/kangaroo/authz/admin/v1/resource/AbstractServiceTest.java
56342003,ValidationUtil,ValidationUtilTest,repos/56342003/kangaroo-server-authz/src/main/java/net/krotscheck/kangaroo/authz/common/util/ValidationUtil.java,repos/56342003/kangaroo-server-authz/src/test/java/net/krotscheck/kangaroo/authz/common/util/ValidationUtilTest.java,kangaroo-server-authz,https://github.com/kangaroo-server/kangaroo,8b71eb416b7db8acd10467cefd57dc0a6b2c84c5,254,12,16,18,3.56,64,unknown_but_builds_with_jdk8,maven,main,42,mvn dependency:go-offline -DskipTests,mvn test-compile -DskipTests,mvn test-compile -DskipTests,repos/successful/56342003,recipe_56342003,logs/build/56342003_20260712_230641_attempt_1.log,13,compiledrepos/56342003/kangaroo-server-authz/src/main/java/net/krotscheck/kangaroo/authz/common/util/ValidationUtil.java,compiledrepos/56342003/kangaroo-server-authz/src/test/java/net/krotscheck/kangaroo/authz/common/util/ValidationUtilTest.java
56342003,RequestUtil,RequestUtilTest,repos/56342003/kangaroo-common/src/main/java/net/krotscheck/kangaroo/util/RequestUtil.java,repos/56342003/kangaroo-common/src/test/java/net/krotscheck/kangaroo/util/RequestUtilTest.java,kangaroo-common,https://github.com/kangaroo-server/kangaroo,8b71eb416b7db8acd10467cefd57dc0a6b2c84c5,120,5,7,8,2.5,20,unknown_but_builds_with_jdk8,maven,main,42,mvn dependency:go-offline -DskipTests,mvn test-compile -DskipTests,mvn test-compile -DskipTests,repos/successful/56342003,recipe_56342003,logs/build/56342003_20260712_230641_attempt_1.log,14,compiledrepos/56342003/kangaroo-common/src/main/java/net/krotscheck/kangaroo/util/RequestUtil.java,compiledrepos/56342003/kangaroo-common/src/test/java/net/krotscheck/kangaroo/util/RequestUtilTest.java
3526892,ProjectCommandExecutor,ProjectCommandExecutorTest,repos/3526892/core/src/main/java/com/datascience/executor/ProjectCommandExecutor.java,repos/3526892/core/src/test/java/com/datascience/executor/ProjectCommandExecutorTest.java,core,https://github.com/ipeirotis/Troia-Server,5c18a6cc519a148c58d8ed5483fb6809e5623ee9,119,4,7,14,1.64,23,unknown_but_builds_with_jdk8,maven,main,42,mvn -U -s ../../repair_configs/3526892/settings_retry.xml test-compile -DskipTests -Dcheckstyle.skip=true -Dspotless.check.skip=true -Dlicense.skip=true -Dgpg.skip=true -Ddocker.skip=true -Dfrontend.skip=true,mvn -U -s ../../repair_configs/3526892/settings_retry.xml test-compile -DskipTests -Dcheckstyle.skip=true -Dspotless.check.skip=true -Dlicense.skip=true -Dgpg.skip=true -Ddocker.skip=true -Dfrontend.skip=true,mvn -U -s ../../repair_configs/3526892/settings_retry.xml test-compile -DskipTests -Dcheckstyle.skip=true -Dspotless.check.skip=true -Dlicense.skip=true -Dgpg.skip=true -Ddocker.skip=true -Dfrontend.skip=true,,recipe_3526892,logs/repair/3526892_20260713_192338_attempt_2.log,15,compiledrepos/3526892/core/src/main/java/com/datascience/executor/ProjectCommandExecutor.java,compiledrepos/3526892/core/src/test/java/com/datascience/executor/ProjectCommandExecutorTest.java
89562636,TransactionManager,TransactionManagerTest,repos/89562636/coap-core/src/main/java/com/mbed/coap/server/internal/TransactionManager.java,repos/89562636/coap-core/src/test/java/com/mbed/coap/server/internal/TransactionManagerTest.java,coap-core,https://github.com/ARMmbed/java-coap,9f74a3ae0aa1cdf9a8109bf58a113e4893683271,98,6,8,9,2.33,21,8,maven,main,42,mvn dependency:go-offline -DskipTests,mvn test-compile -DskipTests,mvn test-compile -DskipTests,repos/successful/89562636,recipe_89562636,logs/build/89562636_20260712_230641_attempt_1.log,16,compiledrepos/89562636/coap-core/src/main/java/com/mbed/coap/server/internal/TransactionManager.java,compiledrepos/89562636/coap-core/src/test/java/com/mbed/coap/server/internal/TransactionManagerTest.java
89562636,CoapPacket,CoapPacketTest,repos/89562636/coap-core/src/main/java/com/mbed/coap/packet/CoapPacket.java,repos/89562636/coap-core/src/test/java/com/mbed/coap/packet/CoapPacketTest.java,coap-core,https://github.com/ARMmbed/java-coap,9f74a3ae0aa1cdf9a8109bf58a113e4893683271,365,12,37,42,2.38,100,8,maven,main,42,mvn dependency:go-offline -DskipTests,mvn test-compile -DskipTests,mvn test-compile -DskipTests,repos/successful/89562636,recipe_89562636,logs/build/89562636_20260712_230641_attempt_1.log,17,compiledrepos/89562636/coap-core/src/main/java/com/mbed/coap/packet/CoapPacket.java,compiledrepos/89562636/coap-core/src/test/java/com/mbed/coap/packet/CoapPacketTest.java
89562636,CoapTcpCSM,CoapTcpCSMTest,repos/89562636/coap-core/src/main/java/com/mbed/coap/server/internal/CoapTcpCSM.java,repos/89562636/coap-core/src/test/java/com/mbed/coap/server/internal/CoapTcpCSMTest.java,coap-core,https://github.com/ARMmbed/java-coap,9f74a3ae0aa1cdf9a8109bf58a113e4893683271,104,9,13,13,2.69,35,8,maven,main,42,mvn dependency:go-offline -DskipTests,mvn test-compile -DskipTests,mvn test-compile -DskipTests,repos/successful/89562636,recipe_89562636,logs/build/89562636_20260712_230641_attempt_1.log,18,compiledrepos/89562636/coap-core/src/main/java/com/mbed/coap/server/internal/CoapTcpCSM.java,compiledrepos/89562636/coap-core/src/test/java/com/mbed/coap/server/internal/CoapTcpCSMTest.java
771158,StatementComparator,StatementComparatorTest,repos/771158/common/src/main/java/net/fortytwo/sesametools/StatementComparator.java,repos/771158/common/src/test/java/net/fortytwo/sesametools/StatementComparatorTest.java,common,https://github.com/joshsh/sesametools,178d0470d13fcbe995347b86fd971f15ca5b5fe9,41,8,2,2,4.5,9,unknown_but_builds_with_jdk8,maven,main,42,mvn -U -s ../../repair_configs/771158/settings_retry.xml test-compile -DskipTests,mvn -U -s ../../repair_configs/771158/settings_retry.xml test-compile -DskipTests,mvn -U -s ../../repair_configs/771158/settings_retry.xml test-compile -DskipTests,,recipe_771158,logs/repair/771158_20260713_193050_attempt_1.log,19,compiledrepos/771158/common/src/main/java/net/fortytwo/sesametools/StatementComparator.java,compiledrepos/771158/common/src/test/java/net/fortytwo/sesametools/StatementComparatorTest.java
5175291,AdminResource,TestAdminResource,repos/5175291/airship-coordinator/src/main/java/io/airlift/airship/coordinator/AdminResource.java,repos/5175291/airship-coordinator/src/test/java/io/airlift/airship/coordinator/TestAdminResource.java,airship-coordinator,https://github.com/airlift/airship,a81374f546e75f5573e846b0df9d769921d1124f,108,2,6,6,1.17,7,unknown_but_builds_with_jdk8,maven,main,42,mvn dependency:go-offline -DskipTests,mvn test-compile -DskipTests,mvn test-compile -DskipTests,repos/successful/5175291,recipe_5175291,logs/build/5175291_20260712_230641_attempt_1.log,20,compiledrepos/5175291/airship-coordinator/src/main/java/io/airlift/airship/coordinator/AdminResource.java,compiledrepos/5175291/airship-coordinator/src/test/java/io/airlift/airship/coordinator/TestAdminResource.java
5175291,MavenCoordinates,TestMavenCoordinates,repos/5175291/airship-shared/src/main/java/io/airlift/airship/shared/MavenCoordinates.java,repos/5175291/airship-shared/src/test/java/io/airlift/airship/shared/TestMavenCoordinates.java,airship-shared,https://github.com/airlift/airship,a81374f546e75f5573e846b0df9d769921d1124f,218,13,19,20,2.95,59,unknown_but_builds_with_jdk8,maven,main,42,mvn dependency:go-offline -DskipTests,mvn test-compile -DskipTests,mvn test-compile -DskipTests,repos/successful/5175291,recipe_5175291,logs/build/5175291_20260712_230641_attempt_1.log,21,compiledrepos/5175291/airship-shared/src/main/java/io/airlift/airship/shared/MavenCoordinates.java,compiledrepos/5175291/airship-shared/src/test/java/io/airlift/airship/shared/TestMavenCoordinates.java
5745625,ObjectQueue,ObjectQueueTest,repos/5745625/tape/src/main/java/com/squareup/tape2/ObjectQueue.java,repos/5745625/tape/src/test/java/com/squareup/tape2/ObjectQueueTest.java,tape,https://github.com/square/tape,445cd3fd0a7b3ec48c9ea3e0e86663fe6d3735d8,47,2,7,7,1.14,8,unknown_but_builds_with_jdk8,gradle,main,42,gradlew.bat dependencies,gradlew.bat testClasses -x test,gradlew.bat testClasses -x test,repos/successful/5745625,recipe_5745625,logs/build/5745625_20260712_230641_attempt_1.log,22,compiledrepos/5745625/tape/src/main/java/com/squareup/tape2/ObjectQueue.java,compiledrepos/5745625/tape/src/test/java/com/squareup/tape2/ObjectQueueTest.java
960343,SimpleTier,TestSimpleTier,repos/960343/3-sat-core/src/main/java/com/anjlab/sat3/SimpleTier.java,repos/960343/3-sat-core/src/test/java/com/anjlab/sat3/TestSimpleTier.java,3-sat-core,https://github.com/anjlab/sat3,c903a6fccd53f91955af62f14f45b3206687ca12,303,10,24,29,2.1,61,6,maven,main,42,mvn dependency:go-offline -DskipTests,mvn test-compile -DskipTests,mvn test-compile -DskipTests,repos/successful/960343,recipe_960343,logs/build/960343_20260712_230641_attempt_1.log,23,compiledrepos/960343/3-sat-core/src/main/java/com/anjlab/sat3/SimpleTier.java,compiledrepos/960343/3-sat-core/src/test/java/com/anjlab/sat3/TestSimpleTier.java
82282677,TimingSource,TestTimingSource,repos/82282677/timingframework-core/src/main/java/org/jdesktop/core/animation/timing/TimingSource.java,repos/82282677/timingframework-core/src/test/java/org/jdesktop/core/animation/timing/TestTimingSource.java,timingframework-core,https://github.com/akuhtz/timingframework,8b8376182371c38c198e2b9c28ef2bc179f1e6f4,65,7,7,7,2.29,16,8,maven,main,42,mvn dependency:go-offline -DskipTests,mvn test-compile -DskipTests,mvn test-compile -DskipTests,repos/successful/82282677,recipe_82282677,logs/build/82282677_20260712_230641_attempt_1.log,24,compiledrepos/82282677/timingframework-core/src/main/java/org/jdesktop/core/animation/timing/TimingSource.java,compiledrepos/82282677/timingframework-core/src/test/java/org/jdesktop/core/animation/timing/TestTimingSource.java
74217,CobolFieldDefinitionFactory,CobolFieldDefinitionFactoryTest,repos/74217/flapjack-cobol/src/main/java/flapjack/cobol/layout/CobolFieldDefinitionFactory.java,repos/74217/flapjack-cobol/src/test/java/flapjack/cobol/layout/CobolFieldDefinitionFactoryTest.java,flapjack-cobol,https://github.com/born2snipe/flapjack,c32599a0db5c97a47820f2c8c943dcb65591470b,12,3,1,1,3.0,3,unknown_but_builds_with_jdk8,maven,main,42,mvn dependency:go-offline -DskipTests,mvn test-compile -DskipTests,mvn test-compile -DskipTests,repos/successful/74217,recipe_74217,logs/build/74217_20260713_140736_attempt_1.log,25,compiledrepos/74217/flapjack-cobol/src/main/java/flapjack/cobol/layout/CobolFieldDefinitionFactory.java,compiledrepos/74217/flapjack-cobol/src/test/java/flapjack/cobol/layout/CobolFieldDefinitionFactoryTest.java
35132359,UrlUtil,UrlUtilTest,repos/35132359/hapi-fhir-base/src/main/java/ca/uhn/fhir/util/UrlUtil.java,repos/35132359/hapi-fhir-base/src/test/java/ca/uhn/fhir/util/UrlUtilTest.java,hapi-fhir-base,https://github.com/gajen0981/FHIR-Server,1e9ad63500908488e7f41de1783c2bf85972de37,101,12,5,5,6.2,31,6,maven,main,42,mvn dependency:go-offline -DskipTests,mvn test-compile -DskipTests,mvn test-compile -DskipTests,repos/successful/35132359,recipe_35132359,logs/build/35132359_20260712_230641_attempt_1.log,26,compiledrepos/35132359/hapi-fhir-base/src/main/java/ca/uhn/fhir/util/UrlUtil.java,compiledrepos/35132359/hapi-fhir-base/src/test/java/ca/uhn/fhir/util/UrlUtilTest.java
73087334,DatabaseLoadedSAML2Clients,DatabaseLoadedSAML2ClientsTest,repos/73087334/pac4j-saml-config-db/src/main/java/com/idc/webchannel/pac4j/extensions/saml/client/DatabaseLoadedSAML2Clients.java,repos/73087334/pac4j-saml-config-db/src/test/java/com/idc/webchannel/pac4j/extensions/saml/client/DatabaseLoadedSAML2ClientsTest.java,pac4j-saml-config-db,https://github.com/jkacer/pac4j-extensions,25ce72b3b1a59fd33560d03aea8fe18ddbc07040,70,4,4,6,1.67,10,8,maven,main,42,mvn dependency:go-offline -DskipTests,mvn test-compile -DskipTests,mvn test-compile -DskipTests,repos/successful/73087334,recipe_73087334,logs/build/73087334_20260712_230641_attempt_1.log,27,compiledrepos/73087334/pac4j-saml-config-db/src/main/java/com/idc/webchannel/pac4j/extensions/saml/client/DatabaseLoadedSAML2Clients.java,compiledrepos/73087334/pac4j-saml-config-db/src/test/java/com/idc/webchannel/pac4j/extensions/saml/client/DatabaseLoadedSAML2ClientsTest.java
7091762,CronExpressionFormatter,CronExpressionFormatterTest,repos/7091762/cron-parser-spring/src/main/java/net/redhogs/cronparser/format/CronExpressionFormatter.java,repos/7091762/cron-parser-spring/src/test/java/net/redhogs/cronparser/format/CronExpressionFormatterTest.java,cron-parser-spring,https://github.com/grahamar/cron-parser,7d3ec2aefc5d4756c48ad145ce1ce6b610dd7185,30,3,4,4,1.5,6,7,maven,main,42,mvn dependency:go-offline -DskipTests,mvn test-compile -DskipTests,mvn test-compile -DskipTests,repos/successful/7091762,recipe_7091762,logs/build/7091762_20260712_230641_attempt_1.log,28,compiledrepos/7091762/cron-parser-spring/src/main/java/net/redhogs/cronparser/format/CronExpressionFormatter.java,compiledrepos/7091762/cron-parser-spring/src/test/java/net/redhogs/cronparser/format/CronExpressionFormatterTest.java
38080174,HttpMessage,HttpMessageTest,repos/38080174/core-http/src/main/java/io/datakernel/http/HttpMessage.java,repos/38080174/core-http/src/test/java/io/datakernel/http/HttpMessageTest.java,core-http,https://github.com/softindex/datakernel,69a6bcb85be43177d96ea56041b63e8d8ffb10de,304,7,31,37,2.54,94,8,maven,main,42,mvn dependency:go-offline -DskipTests,mvn test-compile -DskipTests,mvn test-compile -DskipTests,repos/successful/38080174,recipe_38080174,logs/build/38080174_20260712_230641_attempt_1.log,29,compiledrepos/38080174/core-http/src/main/java/io/datakernel/http/HttpMessage.java,compiledrepos/38080174/core-http/src/test/java/io/datakernel/http/HttpMessageTest.java
38080174,ContentType,ContentTypeTest,repos/38080174/core-http/src/main/java/io/datakernel/http/ContentType.java,repos/38080174/core-http/src/test/java/io/datakernel/http/ContentTypeTest.java,core-http,https://github.com/softindex/datakernel,69a6bcb85be43177d96ea56041b63e8d8ffb10de,111,14,7,12,2.75,33,8,maven,main,42,mvn dependency:go-offline -DskipTests,mvn test-compile -DskipTests,mvn test-compile -DskipTests,repos/successful/38080174,recipe_38080174,logs/build/38080174_20260712_230641_attempt_1.log,30,compiledrepos/38080174/core-http/src/main/java/io/datakernel/http/ContentType.java,compiledrepos/38080174/core-http/src/test/java/io/datakernel/http/ContentTypeTest.java
38080174,ReadSettings,ReadSettingsTest,repos/38080174/uikernel/src/main/java/io/datakernel/uikernel/ReadSettings.java,repos/38080174/uikernel/src/test/java/io/datakernel/uikernel/ReadSettingsTest.java,uikernel,https://github.com/softindex/datakernel,69a6bcb85be43177d96ea56041b63e8d8ffb10de,136,14,9,13,2.08,27,8,maven,main,42,mvn dependency:go-offline -DskipTests,mvn test-compile -DskipTests,mvn test-compile -DskipTests,repos/successful/38080174,recipe_38080174,logs/build/38080174_20260712_230641_attempt_1.log,31,compiledrepos/38080174/uikernel/src/main/java/io/datakernel/uikernel/ReadSettings.java,compiledrepos/38080174/uikernel/src/test/java/io/datakernel/uikernel/ReadSettingsTest.java
38080174,HttpCookie,HttpCookieTest,repos/38080174/core-http/src/main/java/io/datakernel/http/HttpCookie.java,repos/38080174/core-http/src/test/java/io/datakernel/http/HttpCookieTest.java,core-http,https://github.com/softindex/datakernel,69a6bcb85be43177d96ea56041b63e8d8ffb10de,362,13,32,48,2.06,99,8,maven,main,42,mvn dependency:go-offline -DskipTests,mvn test-compile -DskipTests,mvn test-compile -DskipTests,repos/successful/38080174,recipe_38080174,logs/build/38080174_20260712_230641_attempt_1.log,32,compiledrepos/38080174/core-http/src/main/java/io/datakernel/http/HttpCookie.java,compiledrepos/38080174/core-http/src/test/java/io/datakernel/http/HttpCookieTest.java
38080174,Utils,UtilsTest,repos/38080174/util-common/src/main/java/io/datakernel/common/Utils.java,repos/38080174/util-common/src/test/java/io/datakernel/common/UtilsTest.java,util-common,https://github.com/softindex/datakernel,69a6bcb85be43177d96ea56041b63e8d8ffb10de,170,12,22,23,2.52,58,8,maven,main,42,mvn dependency:go-offline -DskipTests,mvn test-compile -DskipTests,mvn test-compile -DskipTests,repos/successful/38080174,recipe_38080174,logs/build/38080174_20260712_230641_attempt_1.log,33,compiledrepos/38080174/util-common/src/main/java/io/datakernel/common/Utils.java,compiledrepos/38080174/util-common/src/test/java/io/datakernel/common/UtilsTest.java
38080174,CachedFsClient,TestCachedFsClient,repos/38080174/cloud-fs/src/main/java/io/datakernel/remotefs/CachedFsClient.java,repos/38080174/cloud-fs/src/test/java/io/datakernel/remotefs/TestCachedFsClient.java,cloud-fs,https://github.com/softindex/datakernel,69a6bcb85be43177d96ea56041b63e8d8ffb10de,286,12,26,33,1.52,50,8,maven,main,42,mvn dependency:go-offline -DskipTests,mvn test-compile -DskipTests,mvn test-compile -DskipTests,repos/successful/38080174,recipe_38080174,logs/build/38080174_20260712_230641_attempt_1.log,34,compiledrepos/38080174/cloud-fs/src/main/java/io/datakernel/remotefs/CachedFsClient.java,compiledrepos/38080174/cloud-fs/src/test/java/io/datakernel/remotefs/TestCachedFsClient.java
38080174,JmxRegistry,JmxRegistryTest,repos/38080174/boot-jmx/src/main/java/io/datakernel/jmx/JmxRegistry.java,repos/38080174/boot-jmx/src/test/java/io/datakernel/jmx/JmxRegistryTest.java,boot-jmx,https://github.com/softindex/datakernel,69a6bcb85be43177d96ea56041b63e8d8ffb10de,364,11,17,24,2.75,66,8,maven,main,42,mvn dependency:go-offline -DskipTests,mvn test-compile -DskipTests,mvn test-compile -DskipTests,repos/successful/38080174,recipe_38080174,logs/build/38080174_20260712_230641_attempt_1.log,35,compiledrepos/38080174/boot-jmx/src/main/java/io/datakernel/jmx/JmxRegistry.java,compiledrepos/38080174/boot-jmx/src/test/java/io/datakernel/jmx/JmxRegistryTest.java
812511,CertificateUtil,CertificateUtilTest,repos/812511/ssl-proxies/src/main/java/org/globus/gsi/util/CertificateUtil.java,repos/812511/ssl-proxies/src/test/java/org/globus/gsi/util/CertificateUtilTest.java,ssl-proxies,https://github.com/jglobus/JGlobus,bf4f5a185201dbd8ab6f9d67c1ede329557b40ae,414,13,18,21,3.57,75,unknown_but_builds_with_jdk8,maven,main,42,mvn dependency:go-offline -DskipTests,mvn test-compile -DskipTests,mvn test-compile -DskipTests,repos/successful/812511,recipe_812511,logs/build/812511_20260712_230641_attempt_1.log,36,compiledrepos/812511/ssl-proxies/src/main/java/org/globus/gsi/util/CertificateUtil.java,compiledrepos/812511/ssl-proxies/src/test/java/org/globus/gsi/util/CertificateUtilTest.java
812511,OpenSSLKey,OpenSSLKeyTest,repos/812511/ssl-proxies/src/main/java/org/globus/gsi/OpenSSLKey.java,repos/812511/ssl-proxies/src/test/java/org/globus/gsi/OpenSSLKeyTest.java,ssl-proxies,https://github.com/jglobus/JGlobus,bf4f5a185201dbd8ab6f9d67c1ede329557b40ae,379,10,16,33,2.64,87,unknown_but_builds_with_jdk8,maven,main,42,mvn dependency:go-offline -DskipTests,mvn test-compile -DskipTests,mvn test-compile -DskipTests,repos/successful/812511,recipe_812511,logs/build/812511_20260712_230641_attempt_1.log,37,compiledrepos/812511/ssl-proxies/src/main/java/org/globus/gsi/OpenSSLKey.java,compiledrepos/812511/ssl-proxies/src/test/java/org/globus/gsi/OpenSSLKeyTest.java
49126308,ElasticScroll,ElasticScrollTest,repos/49126308/db-scroll-elastic/src/main/java/com/jeromeloisel/database/scroll/elastic/ElasticScroll.java,repos/49126308/db-scroll-elastic/src/test/java/com/jeromeloisel/database/scroll/elastic/ElasticScrollTest.java,db-scroll-elastic,https://github.com/jloisel/elastic-crud,840debc39f5795aaa2b2ff96d02f8e6505e61ac5,96,5,7,8,1.5,12,8,maven,main,42,mvn dependency:go-offline -DskipTests,mvn test-compile -DskipTests,mvn test-compile -DskipTests,repos/successful/49126308,recipe_49126308,logs/build/49126308_20260712_230641_attempt_1.log,38,compiledrepos/49126308/db-scroll-elastic/src/main/java/com/jeromeloisel/database/scroll/elastic/ElasticScroll.java,compiledrepos/49126308/db-scroll-elastic/src/test/java/com/jeromeloisel/database/scroll/elastic/ElasticScrollTest.java
5093728,FeatureContext,FeatureContextTest,repos/5093728/core/src/main/java/com/googlecode/fitchy/FeatureContext.java,repos/5093728/core/src/test/java/com/googlecode/fitchy/FeatureContextTest.java,core,https://github.com/ankaubisch/fitchy,4288158b83139949205455b1d5e0fa91f7ac3c6a,156,6,14,20,2.05,41,unknown_but_builds_with_jdk8,maven,main,42,mvn dependency:go-offline -DskipTests,mvn test-compile -DskipTests,mvn test-compile -DskipTests,repos/successful/5093728,recipe_5093728,logs/build/5093728_20260712_230641_attempt_1.log,39,compiledrepos/5093728/core/src/main/java/com/googlecode/fitchy/FeatureContext.java,compiledrepos/5093728/core/src/test/java/com/googlecode/fitchy/FeatureContextTest.java
5093728,AnnotationRetriever,AnnotationRetrieverTest,repos/5093728/core/src/main/java/com/googlecode/fitchy/resolver/AnnotationRetriever.java,repos/5093728/core/src/test/java/com/googlecode/fitchy/resolver/AnnotationRetrieverTest.java,core,https://github.com/ankaubisch/fitchy,4288158b83139949205455b1d5e0fa91f7ac3c6a,39,9,3,3,3.67,11,unknown_but_builds_with_jdk8,maven,main,42,mvn dependency:go-offline -DskipTests,mvn test-compile -DskipTests,mvn test-compile -DskipTests,repos/successful/5093728,recipe_5093728,logs/build/5093728_20260712_230641_attempt_1.log,40,compiledrepos/5093728/core/src/main/java/com/googlecode/fitchy/resolver/AnnotationRetriever.java,compiledrepos/5093728/core/src/test/java/com/googlecode/fitchy/resolver/AnnotationRetrieverTest.java
74458764,RepositoryBackedSession,TestRepositoryBackedSession,repos/74458764/session-replacement/src/main/java/com/amadeus/session/RepositoryBackedSession.java,repos/74458764/session-replacement/src/test/java/com/amadeus/session/TestRepositoryBackedSession.java,session-replacement,https://github.com/AmadeusITGroup/HttpSessionReplacer,16e9d930f4743ea27d83322f0a9dfb6e0eb41b2a,382,7,27,45,2.22,100,8,maven,main,42,mvn dependency:go-offline -DskipTests,mvn test-compile -DskipTests,mvn test-compile -DskipTests,repos/successful/74458764,recipe_74458764,logs/build/74458764_20260712_230641_attempt_1.log,41,compiledrepos/74458764/session-replacement/src/main/java/com/amadeus/session/RepositoryBackedSession.java,compiledrepos/74458764/session-replacement/src/test/java/com/amadeus/session/TestRepositoryBackedSession.java
74458764,RedisConfiguration,TestRedisConfiguration,repos/74458764/session-replacement/src/main/java/com/amadeus/session/repository/redis/RedisConfiguration.java,repos/74458764/session-replacement/src/test/java/com/amadeus/session/repository/redis/TestRedisConfiguration.java,session-replacement,https://github.com/AmadeusITGroup/HttpSessionReplacer,16e9d930f4743ea27d83322f0a9dfb6e0eb41b2a,239,12,8,19,2.89,55,8,maven,main,42,mvn dependency:go-offline -DskipTests,mvn test-compile -DskipTests,mvn test-compile -DskipTests,repos/successful/74458764,recipe_74458764,logs/build/74458764_20260712_230641_attempt_1.log,42,compiledrepos/74458764/session-replacement/src/main/java/com/amadeus/session/repository/redis/RedisConfiguration.java,compiledrepos/74458764/session-replacement/src/test/java/com/amadeus/session/repository/redis/TestRedisConfiguration.java
74458764,SessionConfiguration,TestSessionConfiguration,repos/74458764/session-replacement/src/main/java/com/amadeus/session/SessionConfiguration.java,repos/74458764/session-replacement/src/test/java/com/amadeus/session/TestSessionConfiguration.java,session-replacement,https://github.com/AmadeusITGroup/HttpSessionReplacer,16e9d930f4743ea27d83322f0a9dfb6e0eb41b2a,471,7,56,66,1.52,100,8,maven,main,42,mvn dependency:go-offline -DskipTests,mvn test-compile -DskipTests,mvn test-compile -DskipTests,repos/successful/74458764,recipe_74458764,logs/build/74458764_20260712_230641_attempt_1.log,43,compiledrepos/74458764/session-replacement/src/main/java/com/amadeus/session/SessionConfiguration.java,compiledrepos/74458764/session-replacement/src/test/java/com/amadeus/session/TestSessionConfiguration.java
7283919,DataCell,DataCellTest,repos/7283919/dbfit-java/core/src/main/java/dbfit/util/DataCell.java,repos/7283919/dbfit-java/core/src/test/java/dbfit/util/DataCellTest.java,dbfit-java,https://github.com/dbfit/dbfit,d86459c0d17f1046385c6d8a3edd00a784299f47,24,3,4,5,1.6,8,unknown_but_builds_with_jdk8,gradle,main,42,gradlew.bat dependencies,gradlew.bat testClasses -x test,gradlew.bat testClasses -x test,repos/successful/7283919,recipe_7283919,logs/build/7283919_20260712_230641_attempt_1.log,44,compiledrepos/7283919/dbfit-java/core/src/main/java/dbfit/util/DataCell.java,compiledrepos/7283919/dbfit-java/core/src/test/java/dbfit/util/DataCellTest.java
7283919,TeradataDatePeriod,TeradataDatePeriodTest,repos/7283919/dbfit-java/teradata/src/main/java/dbfit/environment/TeradataDatePeriod.java,repos/7283919/dbfit-java/teradata/src/test/java/dbfit/environment/TeradataDatePeriodTest.java,dbfit-java,https://github.com/dbfit/dbfit,d86459c0d17f1046385c6d8a3edd00a784299f47,43,6,3,3,3.67,11,unknown_but_builds_with_jdk8,gradle,main,42,gradlew.bat dependencies,gradlew.bat testClasses -x test,gradlew.bat testClasses -x test,repos/successful/7283919,recipe_7283919,logs/build/7283919_20260712_230641_attempt_1.log,45,compiledrepos/7283919/dbfit-java/teradata/src/main/java/dbfit/environment/TeradataDatePeriod.java,compiledrepos/7283919/dbfit-java/teradata/src/test/java/dbfit/environment/TeradataDatePeriodTest.java
7283919,DbParameterAccessorsMapBuilder,DbParameterAccessorsMapBuilderTest,repos/7283919/dbfit-java/core/src/main/java/dbfit/util/DbParameterAccessorsMapBuilder.java,repos/7283919/dbfit-java/core/src/test/java/dbfit/util/DbParameterAccessorsMapBuilderTest.java,dbfit-java,https://github.com/dbfit/dbfit,d86459c0d17f1046385c6d8a3edd00a784299f47,21,2,3,3,1.33,4,unknown_but_builds_with_jdk8,gradle,main,42,gradlew.bat dependencies,gradlew.bat testClasses -x test,gradlew.bat testClasses -x test,repos/successful/7283919,recipe_7283919,logs/build/7283919_20260712_230641_attempt_1.log,46,compiledrepos/7283919/dbfit-java/core/src/main/java/dbfit/util/DbParameterAccessorsMapBuilder.java,compiledrepos/7283919/dbfit-java/core/src/test/java/dbfit/util/DbParameterAccessorsMapBuilderTest.java
54620819,PackageList,PackageListTest,repos/54620819/mvn-golang-wrapper/src/main/java/com/igormaznitsa/mvngolang/utils/PackageList.java,repos/54620819/mvn-golang-wrapper/src/test/java/com/igormaznitsa/mvngolang/utils/PackageListTest.java,mvn-golang-wrapper,https://github.com/raydac/mvn-golang,7f86a51cac312a8f7e3f4e4ce424151b0a67c9a5,174,9,10,13,2.85,37,8,maven,main,42,mvn dependency:go-offline -DskipTests,mvn test-compile -DskipTests,mvn test-compile -DskipTests,repos/successful/54620819,recipe_54620819,logs/build/54620819_20260712_230641_attempt_1.log,47,compiledrepos/54620819/mvn-golang-wrapper/src/main/java/com/igormaznitsa/mvngolang/utils/PackageList.java,compiledrepos/54620819/mvn-golang-wrapper/src/test/java/com/igormaznitsa/mvngolang/utils/PackageListTest.java
54231507,UnhandledAlertHandlingWebDriver,UnhandledAlertHandlingWebDriverTest,repos/54231507/core/src/main/java/ru/stqa/selenium/decorated/alerts/UnhandledAlertHandlingWebDriver.java,repos/54231507/core/src/test/java/ru/stqa/selenium/decorated/alerts/UnhandledAlertHandlingWebDriverTest.java,core,https://github.com/barancev/decorated-webdriver,5ccb07c06ba9322c50ab04b8f0b67574b8262caa,37,3,3,4,1.75,7,8,maven,main,42,mvn dependency:go-offline -DskipTests,mvn test-compile -DskipTests,mvn test-compile -DskipTests,repos/successful/54231507,recipe_54231507,logs/build/54231507_20260712_230641_attempt_1.log,48,compiledrepos/54231507/core/src/main/java/ru/stqa/selenium/decorated/alerts/UnhandledAlertHandlingWebDriver.java,compiledrepos/54231507/core/src/test/java/ru/stqa/selenium/decorated/alerts/UnhandledAlertHandlingWebDriverTest.java
37728390,AttributeValue,AttributeValueTest,repos/37728390/contrib/geomason/src/main/java/sim/util/geo/AttributeValue.java,repos/37728390/contrib/geomason/src/test/java/sim/util/geo/AttributeValueTest.java,contrib/geomason,https://github.com/eclab/mason,08c95296de1b4fa73635e0c301ca9a272af8749e,101,7,17,17,1.47,25,8,maven,main,42,mvn dependency:go-offline -DskipTests,mvn test-compile -DskipTests,mvn test-compile -DskipTests,repos/successful/37728390,recipe_37728390,logs/build/37728390_20260712_230641_attempt_1.log,49,compiledrepos/37728390/contrib/geomason/src/main/java/sim/util/geo/AttributeValue.java,compiledrepos/37728390/contrib/geomason/src/test/java/sim/util/geo/AttributeValueTest.java
39770930,JsonWireUtils,JsonWireUtilsTest,repos/39770930/proxy/src/main/java/ru/qatools/gridrouter/JsonWireUtils.java,repos/39770930/proxy/src/test/java/ru/qatools/gridrouter/JsonWireUtilsTest.java,proxy,https://github.com/seleniumkit/gridrouter,13aec297eac977effa987dc5940283614956ced5,49,2,8,8,1.38,11,8,maven,main,42,mvn dependency:go-offline -DskipTests,mvn test-compile -DskipTests,mvn test-compile -DskipTests,repos/successful/39770930,recipe_39770930,logs/build/39770930_20260712_230641_attempt_1.log,50,compiledrepos/39770930/proxy/src/main/java/ru/qatools/gridrouter/JsonWireUtils.java,compiledrepos/39770930/proxy/src/test/java/ru/qatools/gridrouter/JsonWireUtilsTest.java
79246257,ArgusClient,ArgusClientTest,repos/79246257/client/argus-client/src/main/java/com/salesforce/argus/ArgusClient.java,repos/79246257/client/argus-client/src/test/java/com/salesforce/argus/ArgusClientTest.java,client/argus-client,https://github.com/salesforce/pyplyn,e70aab598245766642328bb4923f756603e8f39e,183,5,27,31,1.19,37,unknown_but_builds_with_jdk8,maven,main,42,mvn dependency:go-offline -DskipTests,mvn test-compile -DskipTests,mvn test-compile -DskipTests,repos/successful/79246257,recipe_79246257,logs/build/79246257_20260712_230641_attempt_1.log,51,compiledrepos/79246257/client/argus-client/src/main/java/com/salesforce/argus/ArgusClient.java,compiledrepos/79246257/client/argus-client/src/test/java/com/salesforce/argus/ArgusClientTest.java
79246257,FormatUtils,FormatUtilsTest,repos/79246257/plugin-api/src/main/java/com/salesforce/pyplyn/util/FormatUtils.java,repos/79246257/plugin-api/src/test/java/com/salesforce/pyplyn/util/FormatUtilsTest.java,plugin-api,https://github.com/salesforce/pyplyn,e70aab598245766642328bb4923f756603e8f39e,69,5,6,7,1.86,13,unknown_but_builds_with_jdk8,maven,main,42,mvn dependency:go-offline -DskipTests,mvn test-compile -DskipTests,mvn test-compile -DskipTests,repos/successful/79246257,recipe_79246257,logs/build/79246257_20260712_230641_attempt_1.log,52,compiledrepos/79246257/plugin-api/src/main/java/com/salesforce/pyplyn/util/FormatUtils.java,compiledrepos/79246257/plugin-api/src/test/java/com/salesforce/pyplyn/util/FormatUtilsTest.java
57251243,WingtipsRequestSpanCompletionAsyncListener,WingtipsRequestSpanCompletionAsyncListenerTest,repos/57251243/wingtips-servlet-api/src/main/java/com/nike/wingtips/servlet/WingtipsRequestSpanCompletionAsyncListener.java,repos/57251243/wingtips-servlet-api/src/test/java/com/nike/wingtips/servlet/WingtipsRequestSpanCompletionAsyncListenerTest.java,wingtips-servlet-api,https://github.com/Nike-Inc/wingtips,d78a9303c62507f40f8426b027450bd13f73cc94,89,4,5,7,1.86,13,7,gradle,main,42,gradlew.bat dependencies,gradlew.bat testClasses -x test,gradlew.bat testClasses -x test,repos/successful/57251243,recipe_57251243,logs/build/57251243_20260712_230641_attempt_1.log,53,compiledrepos/57251243/wingtips-servlet-api/src/main/java/com/nike/wingtips/servlet/WingtipsRequestSpanCompletionAsyncListener.java,compiledrepos/57251243/wingtips-servlet-api/src/test/java/com/nike/wingtips/servlet/WingtipsRequestSpanCompletionAsyncListenerTest.java
57251243,WingtipsToZipkinSpanConverterDefaultImpl,WingtipsToZipkinSpanConverterDefaultImplTest,repos/57251243/wingtips-zipkin2/src/main/java/com/nike/wingtips/zipkin2/util/WingtipsToZipkinSpanConverterDefaultImpl.java,repos/57251243/wingtips-zipkin2/src/test/java/com/nike/wingtips/zipkin2/util/WingtipsToZipkinSpanConverterDefaultImplTest.java,wingtips-zipkin2,https://github.com/Nike-Inc/wingtips,d78a9303c62507f40f8426b027450bd13f73cc94,233,10,3,14,4.86,68,7,gradle,main,42,gradlew.bat dependencies,gradlew.bat testClasses -x test,gradlew.bat testClasses -x test,repos/successful/57251243,recipe_57251243,logs/build/57251243_20260712_230641_attempt_1.log,54,compiledrepos/57251243/wingtips-zipkin2/src/main/java/com/nike/wingtips/zipkin2/util/WingtipsToZipkinSpanConverterDefaultImpl.java,compiledrepos/57251243/wingtips-zipkin2/src/test/java/com/nike/wingtips/zipkin2/util/WingtipsToZipkinSpanConverterDefaultImplTest.java
70711909,HereAccount,HereAccountTest,repos/70711909/here-oauth-client/src/main/java/com/here/account/oauth2/HereAccount.java,repos/70711909/here-oauth-client/src/test/java/com/here/account/oauth2/HereAccountTest.java,here-oauth-client,https://github.com/heremaps/here-aaa-java-sdk,05b080cef101c9693e0421cc810d24d52dd0ad00,269,6,6,20,2.3,46,8,maven,main,42,mvn dependency:go-offline -DskipTests,mvn test-compile -DskipTests,mvn test-compile -DskipTests,repos/successful/70711909,recipe_70711909,logs/build/70711909_20260712_230641_attempt_1.log,55,compiledrepos/70711909/here-oauth-client/src/main/java/com/here/account/oauth2/HereAccount.java,compiledrepos/70711909/here-oauth-client/src/test/java/com/here/account/oauth2/HereAccountTest.java
70711909,ApacheHttpClientProvider,ApacheHttpClientProviderTest,repos/70711909/here-oauth-client/src/main/java/com/here/account/http/apache/ApacheHttpClientProvider.java,repos/70711909/here-oauth-client/src/test/java/com/here/account/http/apache/ApacheHttpClientProviderTest.java,here-oauth-client,https://github.com/heremaps/here-aaa-java-sdk,05b080cef101c9693e0421cc810d24d52dd0ad00,276,13,18,25,2.36,59,8,maven,main,42,mvn dependency:go-offline -DskipTests,mvn test-compile -DskipTests,mvn test-compile -DskipTests,repos/successful/70711909,recipe_70711909,logs/build/70711909_20260712_230641_attempt_1.log,56,compiledrepos/70711909/here-oauth-client/src/main/java/com/here/account/http/apache/ApacheHttpClientProvider.java,compiledrepos/70711909/here-oauth-client/src/test/java/com/here/account/http/apache/ApacheHttpClientProviderTest.java
70711909,FromHereCredentialsIniStream,FromHereCredentialsIniStreamTest,repos/70711909/here-oauth-client/src/main/java/com/here/account/auth/provider/FromHereCredentialsIniStream.java,repos/70711909/here-oauth-client/src/test/java/com/here/account/auth/provider/FromHereCredentialsIniStreamTest.java,here-oauth-client,https://github.com/heremaps/here-aaa-java-sdk,05b080cef101c9693e0421cc810d24d52dd0ad00,127,11,9,13,2.0,26,8,maven,main,42,mvn dependency:go-offline -DskipTests,mvn test-compile -DskipTests,mvn test-compile -DskipTests,repos/successful/70711909,recipe_70711909,logs/build/70711909_20260712_230641_attempt_1.log,57,compiledrepos/70711909/here-oauth-client/src/main/java/com/here/account/auth/provider/FromHereCredentialsIniStream.java,compiledrepos/70711909/here-oauth-client/src/test/java/com/here/account/auth/provider/FromHereCredentialsIniStreamTest.java
58767125,DefaultBigDecimalMath,DefaultBigDecimalMathTest,repos/58767125/ch.obermuhlner.math.big/src/main/java/ch/obermuhlner/math/big/DefaultBigDecimalMath.java,repos/58767125/ch.obermuhlner.math.big/src/test/java/ch/obermuhlner/math/big/DefaultBigDecimalMathTest.java,ch.obermuhlner.math.big,https://github.com/eobermuhlner/big-math,7d84ea3ffcef4808a2e9b6376a1d2e472e2ca08f,209,3,49,55,1.11,61,unknown_but_builds_with_jdk8,maven,main,42,mvn dependency:go-offline -DskipTests,mvn test-compile -DskipTests,mvn test-compile -DskipTests,repos/successful/58767125,recipe_58767125,logs/build/58767125_20260712_230641_attempt_1.log,58,compiledrepos/58767125/ch.obermuhlner.math.big/src/main/java/ch/obermuhlner/math/big/DefaultBigDecimalMath.java,compiledrepos/58767125/ch.obermuhlner.math.big/src/test/java/ch/obermuhlner/math/big/DefaultBigDecimalMathTest.java
37489990,DatastoreManager,DatastoreManagerTest,repos/37489990/tomcat-gcp-lib/src/main/java/com/google/cloud/runtimes/tomcat/session/DatastoreManager.java,repos/37489990/tomcat-gcp-lib/src/test/java/com/google/cloud/runtimes/tomcat/session/DatastoreManagerTest.java,tomcat-gcp-lib,https://github.com/GoogleCloudPlatform/tomcat-runtime,01722349149417368f95d490d88bda7cba6c8573,105,3,10,13,1.62,21,8,maven,main,42,mvn dependency:go-offline -DskipTests,mvn test-compile -DskipTests,mvn test-compile -DskipTests,repos/successful/37489990,recipe_37489990,logs/build/37489990_20260712_230641_attempt_1.log,59,compiledrepos/37489990/tomcat-gcp-lib/src/main/java/com/google/cloud/runtimes/tomcat/session/DatastoreManager.java,compiledrepos/37489990/tomcat-gcp-lib/src/test/java/com/google/cloud/runtimes/tomcat/session/DatastoreManagerTest.java
